aum_bn,baseline_gross_alpha_pct,alpha_capture_pct,implemented_gross_alpha_pct,weighted_impact_bp,annual_drag_bp,net_alpha_pct,gross_ir_after_delay,net_ir,alpha_retained_pct,average_execution_days,share_multiday_pct,share_3plus_days_pct,mean_parent_participation_pct
1.0,4.0,102.1902587710104,4.087610350840416,5.244895488004723,8.391832780807558,4.003692023032341,1.021902587710104,1.0009230057580851,100.09230057580851,1.191,7.625,3.5249999999999995,4.9460080365323735
1.25,4.0,102.01787474754633,4.080714989901853,5.535898502890071,8.857437604624115,3.9921406138556126,1.0201787474754633,0.9980351534639031,99.80351534639031,1.23675,9.325,4.375,5.978996906891446
1.5,4.0,101.85287178620625,4.07411487144825,5.803523151216965,9.285637041947146,3.981258501028779,1.0185287178620626,0.9953146252571947,99.53146252571948,1.28125,10.925,5.2,6.981237098727393
1.75,4.0,101.69186416577138,4.067674566630855,6.055179187901576,9.688286700642522,3.9707916996244306,1.0169186416577138,0.9926979249061076,99.26979249061077,1.32525,12.475,6.0249999999999995,7.95860882376209
2.0,4.0,101.53800487886473,4.061520195154589,6.294840263703825,10.07174442192612,3.9608027509353287,1.0153800487886473,0.9902006877338321,99.0200687733832,1.36775,13.925,6.825,8.915184062003375
2.25,4.0,101.38970030894461,4.055588012357784,6.5226593087786675,10.436254894045868,3.951225463417326,1.013897003089446,0.9878063658543315,98.78063658543314,1.409,15.325,7.6,9.853941010337994
2.5,4.0,101.24617190896355,4.049846876358542,6.76233831328789,10.819741301260624,3.941649463345936,1.0124617190896354,0.985412365836484,98.5412365836484,1.44975,16.675,8.35,10.777147456569276
2.75,4.0,101.10678917399515,4.044271566959806,6.9921896697356605,11.187503471577058,3.9323965322440353,1.0110678917399516,0.9830991330610088,98.30991330610088,1.4895,17.95,9.1,11.686584603818858
3.0,4.0,100.97183005114839,4.038873202045935,7.217573519446982,11.548117631115172,3.9233920257347834,1.0097183005114838,0.9808480064336959,98.08480064336959,1.52825,19.2,9.825000000000001,12.583686329647906
3.25,4.0,100.8404942996727,4.033619771986908,7.439747860225037,11.903596576360057,3.9145838062233076,1.008404942996727,0.9786459515558269,97.86459515558269,1.56625,20.375,10.525,13.469630259244683
3.5,4.0,100.71080834333645,4.028432333733458,7.657460255042587,12.25193640806814,3.9059129696527766,1.0071080834333646,0.976478242413194,97.6478242413194,1.604,21.525,11.225,14.34539976830844
3.75,4.0,100.58535751637037,4.023414300654815,7.8738188597334675,12.598110175573549,3.8974331988990785,1.0058535751637037,0.9743582997247696,97.43582997247697,1.64075,22.625,11.924999999999999,15.21182761664211
4.0,4.0,100.46401523551638,4.018560609420655,8.088119673101982,12.940991476963172,3.8891506946510233,1.0046401523551638,0.9722876736627557,97.22876736627558,1.6765,23.674999999999997,12.575,16.069627520282477
4.25,4.0,100.34315991264138,4.013726396505655,8.297568003668557,13.276108805869692,3.8809653084469584,1.0034315991264138,0.9702413271117396,97.02413271117396,1.71225,24.7,13.225000000000001,16.919417543604258
4.5,4.0,100.22697373600735,4.009078949440294,8.506290432025688,13.610064691241101,3.872978302527883,1.0022697373600735,0.9682445756319707,96.82445756319707,1.74675,25.7,13.875000000000002,17.761737788213892
4.75,4.0,100.11345099938677,4.004538039975471,8.711120982451511,13.937793571922418,3.8651601042562476,1.0011345099938678,0.9662900260640619,96.62900260640619,1.7805,26.650000000000002,14.499999999999998,18.597064009207912
5.0,4.0,100.0,4.0,8.91,14.256,3.85744,1.0,0.96436,96.43599999999999,1.81425,27.575,15.125,19.425818261716383
5.25,4.0,99.89193508493084,3.995677403397234,9.135277897431159,14.616444635889856,3.8495129570383355,0.9989193508493085,0.9623782392595839,96.2378239259584,1.8475,28.475,15.725,20.24837734165996
5.5,4.0,99.78783401605126,3.9915133606420503,9.359851849161009,14.975762958657617,3.841755731055474,0.9978783401605126,0.9604389327638685,96.04389327638685,1.8795,29.349999999999998,16.325,21.065079561064714
5.75,4.0,99.6838676912334,3.9873547076493363,9.580132678423594,15.32821228547775,3.834072584794559,0.9968386769123341,0.9585181461986397,95.85181461986397,1.9115,30.2,16.900000000000002,21.876230247340153
6.0,4.0,99.58102843749744,3.983241137499898,9.798145472637186,15.677032756219498,3.8264708099377027,0.9958102843749745,0.9566177024844257,95.66177024844256,1.94325,31.0,17.474999999999998,22.68210625188951
6.25,4.0,99.48243744956798,3.9792974979827194,10.01712505119232,16.02740008190771,3.819023497163642,0.9948243744956798,0.9547558742909105,95.47558742909105,1.97375,31.8,18.025,23.48295968036229
6.5,4.0,99.38410387400221,3.9753641549600887,10.233802603940529,16.374084166304847,3.81162331329704,0.993841038740022,0.95290582832426,95.290582832426,2.00425,32.574999999999996,18.575,24.279021004682217
6.75,4.0,99.28773268785523,3.9715093075142085,10.45022050629988,16.72035281007981,3.8043057794134105,0.9928773268785521,0.9510764448533526,95.10764448533526,2.03425,33.324999999999996,19.125,25.070501679144492
7.0,4.0,99.193810307414,3.9677524122965604,10.665778248652405,17.065245197843847,3.7970999603181217,0.99193810307414,0.9492749900795304,94.92749900795305,2.0635,34.050000000000004,19.650000000000002,25.85759635505055
7.25,4.0,99.09966496191902,3.9639865984767613,10.880983961864109,17.409574338982576,3.7898908550869352,0.9909966496191902,0.9474727137717338,94.74727137717338,2.093,34.775,20.175,26.64048476762133
7.5,4.0,99.0087813115647,3.960351252462588,11.095865848455412,17.75338535752866,3.782817398887301,0.990087813115647,0.9457043497218253,94.57043497218253,2.1215,35.449999999999996,20.7,27.419333353309806
7.75,4.0,98.91815949900722,3.9567263799602888,11.309185914044397,18.094697462471036,3.7757794053355784,0.9891815949900722,0.9439448513338945,94.39448513338945,2.15,36.125,21.2,28.194296643731963
8.0,4.0,98.83056551966872,3.953222620786749,11.522481714061154,18.435970742497847,3.768862913361771,0.9883056551966872,0.9422157283404426,94.22157283404427,2.1775,36.775000000000006,21.7,28.96551847327663
8.25,4.0,98.74133753818411,3.949653501527365,11.735809452263998,18.777295123622398,3.761880550291141,0.9874133753818413,0.9404701375727853,94.04701375727853,2.20575,37.425000000000004,22.2,29.733133030340248
8.5,4.0,98.65628299644194,3.946251319857678,11.950338995133816,19.120542392214105,3.755045895935537,0.9865628299644195,0.9387614739838842,93.87614739838843,2.23275,38.05,22.675,30.49726577655826
8.75,4.0,98.57348413261508,3.9429393653046034,12.164756353464865,19.463610165543784,3.7483032636491656,0.9857348413261509,0.9370758159122914,93.70758159122914,2.259,38.65,23.150000000000002,31.25803425400132
9.0,4.0,98.49020670975818,3.9396082683903275,12.377566001729589,19.804105602767343,3.7415672123626535,0.9849020670975818,0.9353918030906634,93.53918030906634,2.2855,39.25,23.599999999999998,32.015548796800076
9.25,4.0,98.40707491303333,3.9362829965213333,12.589300900372558,20.142881440596096,3.734854182115373,0.9840707491303333,0.9337135455288431,93.37135455288431,2.312,39.825,24.075,32.769913160852866
9.5,4.0,98.3263827357068,3.933055309428272,12.8015244320271,20.482439091243364,3.728230918515838,0.983263827357068,0.9320577296289595,93.20577296289595,2.33775,40.400000000000006,24.525,33.5212250830037
9.75,4.0,98.24653340590771,3.929861336236309,13.013194657436452,20.821111451898325,3.7216502217173257,0.9824653340590772,0.9304125554293314,93.04125554293314,2.36325,40.949999999999996,24.975,34.26957677923693
10.0,4.0,98.1693331175212,3.9267733247008483,13.22494938319947,21.159919013119154,3.7151741345696565,0.9816933311752121,0.9287935336424141,92.87935336424141,2.388,41.475,25.4,35.01505538993161
10.25,4.0,98.09057334253049,3.9236229337012194,13.43519521179362,21.496312338869792,3.7086598103125215,0.9809057334253048,0.9271649525781304,92.71649525781304,2.41325,42.025,25.825,35.7577433789831
10.5,4.0,98.01429932928384,3.9205719731713544,13.645323097438519,21.832516955901635,3.7022468036123377,0.9801429932928386,0.9255617009030844,92.55617009030844,2.43775,42.525,26.25,36.497718892579385
10.75,4.0,97.93790077046884,3.9175160308187538,13.854334804778482,22.166935687645573,3.6958466739422984,0.9793790077046884,0.9239616684855746,92.39616684855746,2.46225,43.05,26.674999999999997,37.23505608257352
11.0,4.0,97.86246384482799,3.9144985537931194,14.062471190746283,22.499953905194054,3.6894990147411786,0.9786246384482798,0.9223747536852946,92.23747536852946,2.4865,43.525000000000006,27.1,37.96982539868703
11.25,4.0,97.78918417963642,3.911567367185457,14.270747369734279,22.83319579157485,3.6832354092697086,0.9778918417963642,0.920808852317427,92.0808852317427,2.51,44.025,27.500000000000004,38.702093853188344
11.5,4.0,97.71697222441762,3.908678888976705,14.483559831234702,23.173695729975524,3.6769419316769496,0.9771697222441762,0.9192354829192374,91.92354829192374,2.5335,44.5,27.900000000000002,39.43192526119269
11.75,4.0,97.64571659502514,3.9058286638010054,14.69726565062232,23.51562504099572,3.670672413391048,0.9764571659502513,0.917668103347762,91.76681033477621,2.55675,44.95,28.299999999999997,40.15938045930942
12.0,4.0,97.57362387802684,3.9029449551210735,14.909801344556973,23.855682151291155,3.6643881336081625,0.9757362387802684,0.9160970334020406,91.60970334020406,2.58025,45.425,28.7,40.88451750500685
12.25,4.0,97.50546703360804,3.9002186813443216,15.122934409650355,24.19669505544057,3.658251730789916,0.9750546703360804,0.914562932697479,91.4562932697479,2.6025,45.875,29.075,41.60739185876105
12.5,4.0,97.43584820792528,3.8974339283170116,15.334652433794286,24.53544389407086,3.652079489376303,0.9743584820792529,0.9130198723440758,91.30198723440758,2.62525,46.300000000000004,29.45,42.32805655079599
12.75,4.0,97.36849071305802,3.894739628522321,15.546504513981064,24.874407222369705,3.6459955562986237,0.9736849071305802,0.9114988890746559,91.1498889074656,2.64725,46.725,29.825000000000003,43.046562334000406
13.0,4.0,97.30122516705441,3.8920490066821767,15.757713276504676,25.212341242407483,3.6399255942581017,0.9730122516705442,0.9099813985645254,90.99813985645254,2.66925,47.15,30.2,43.76295782441583
13.25,4.0,97.23545210479504,3.8894180841918016,15.96901272624775,25.5504203619964,3.6339138805718374,0.9723545210479504,0.9084784701429593,90.84784701429594,2.69075,47.575,30.55,44.47728963052512
13.5,4.0,97.16832503998437,3.886733001599375,16.179054557997024,25.886487292795238,3.6278681286714223,0.9716832503998436,0.9069670321678556,90.69670321678555,2.71275,47.975,30.925000000000004,45.189602472429144
13.75,4.0,97.1042825284152,3.8841713011366084,16.390153708008135,26.22424593281302,3.6219288418084776,0.971042825284152,0.9054822104521194,90.54822104521195,2.73375,48.375,31.275,45.89993929187422
14.0,4.0,97.03895414788224,3.8815581659152896,16.600055781576838,26.560089250522942,3.6159572734100602,0.9703895414788223,0.903989318352515,90.39893183525149,2.75525,48.75,31.624999999999996,46.60834135398685
14.25,4.0,96.97428714921827,3.878971485968731,16.80963085148523,26.89540936237637,3.610017392344967,0.9697428714921827,0.9025043480862417,90.25043480862416,2.7765,49.15,31.974999999999998,47.31484834147719
14.5,4.0,96.91257209879845,3.8765028839519378,17.01984608883933,27.231753742142928,3.6041853465305085,0.9691257209879844,0.9010463366326271,90.10463366326272,2.79675,49.525000000000006,32.324999999999996,48.019498441991004
14.75,4.0,96.84809290758784,3.873923716303514,17.228299018024522,27.565278428839235,3.5982709320151214,0.9684809290758783,0.8995677330037803,89.95677330037803,2.818,49.9,32.65,48.72232842921821
15.0,4.0,96.78829181361553,3.871531672544621,17.438797311333587,27.902075698133743,3.5925109155632837,0.9678829181361552,0.8981277288908209,89.8127728890821,2.83775,50.24999999999999,32.975,49.423373738302075
15.25,4.0,96.72692788539534,3.8690771154158137,17.648294787278726,28.23727165964596,3.586704398819354,0.9672692788539534,0.8966760997048385,89.66760997048385,2.858,50.6,33.324999999999996,50.12266853603787
15.5,4.0,96.66628970381724,3.8666515881526897,17.85734004259658,28.57174406815453,3.5809341474711447,0.9666628970381724,0.8952335368677861,89.5233536867786,2.878,50.975,33.650000000000006,50.82024578630082
15.75,4.0,96.6073696028407,3.8642947841136284,18.066389831243683,28.906223729989893,3.5752325468137296,0.9660736960284071,0.8938081367034323,89.38081367034323,2.8975,51.300000000000004,33.95,51.516137311098575
16.0,4.0,96.54758878637473,3.86190355145499,18.275027664092608,29.240044262548174,3.569503108829508,0.9654758878637475,0.892375777207377,89.2375777207377,2.91725,51.65,34.275,52.21037384760622
16.25,4.0,96.48807370358665,3.8595229481434665,18.48335464987835,29.57336743980536,3.563789273745413,0.9648807370358666,0.8909473184363532,89.09473184363532,2.937,51.975,34.599999999999994,52.90298510150636
16.5,4.0,96.43069661572248,3.8572278646288995,18.69189194802091,29.90702711683346,3.5581575934605647,0.9643069661572249,0.8895393983651412,88.95393983651412,2.956,52.300000000000004,34.9,53.593999796927015
16.75,4.0,96.3734226577752,3.854936906311007,18.89998730427159,30.23997968683455,3.552537109442662,0.9637342265777518,0.8881342773606654,88.81342773606654,2.975,52.625,35.199999999999996,54.283445723242295
17.0,4.0,96.31604556991103,3.852641822796441,19.107538966370342,30.57206234619255,3.5469211993345158,0.9631604556991102,0.8867302998336289,88.6730299833629,2.994,52.949999999999996,35.5,54.971349778977164
17.25,4.0,96.25880475840499,3.8503521903361997,19.314714668035165,30.903543468856267,3.5413167556476366,0.9625880475840498,0.8853291889119091,88.53291889119092,3.013,53.27499999999999,35.8,55.65773801303495
17.5,4.0,96.20302056886058,3.848120822754423,19.521905690624834,31.235049104999735,3.5357703317044256,0.9620302056886058,0.8839425829261064,88.39425829261064,3.0315,53.574999999999996,36.1,56.34263566344772
17.75,4.0,96.14798608870377,3.8459194435481505,19.729014100267293,31.566422560427668,3.5302552179438744,0.9614798608870376,0.8825638044859685,88.25638044859684,3.04975,53.87499999999999,36.4,57.026067193831345
18.0,4.0,96.0923050290762,3.843692201163048,19.935354044549786,31.89656647127966,3.524726536450251,0.960923050290762,0.8811816341125628,88.11816341125628,3.06825,54.175,36.7,57.70805632771135
18.25,4.0,96.0374532345517,3.8414981293820682,20.142034913218147,32.22725586114904,3.519225570770578,0.9603745323455171,0.8798063926926445,87.98063926926444,3.0865,54.474999999999994,36.975,58.388626080872555
18.5,4.0,95.98532749894335,3.8394130999577345,20.35155976708865,32.56249562734184,3.5137881436843164,0.9598532749894335,0.878447035921079,87.84470359210789,3.104,54.75,37.25,59.067798791870786
18.75,4.0,95.93160535693977,3.8372642142775906,20.560106003056895,32.896169604891035,3.50830251822868,0.9593160535693976,0.87707562955717,87.707562955717,3.122,55.05,37.525,59.74559615083508
19.0,4.0,95.87795208589834,3.8351180834359337,20.768407217563453,33.22945154810153,3.5028235679549184,0.9587795208589834,0.8757058919887296,87.57058919887297,3.14,55.325,37.824999999999996,60.42203922667768
19.25,4.0,95.82673235937364,3.8330692943749454,20.97691570843007,33.56306513348812,3.497438643040064,0.9582673235937363,0.874359660760016,87.4359660760016,3.15725,55.60000000000001,38.074999999999996,61.09714849281937
19.5,4.0,95.77463461515008,3.830985384606003,21.184964407384978,33.89594305181597,3.4920259540878433,0.9577463461515008,0.8730064885219608,87.30064885219608,3.17475,55.875,38.35,61.77094385152928
19.75,4.0,95.72313290497044,3.8289253161988177,21.392796603549954,34.228474565679925,3.4866405705420185,0.9572313290497043,0.8716601426355046,87.16601426355047,3.192,56.15,38.625,62.4434446569711
20.0,4.0,95.67256341316505,3.826902536526602,21.600642263014937,34.5610276208239,3.4812922603183623,0.9567256341316505,0.8703230650795906,87.03230650795905,3.209,56.39999999999999,38.9,63.1146697370394
20.25,4.0,95.62272077145315,3.824908830858126,21.808200020690723,34.893120033105156,3.4759776305270744,0.9562272077145314,0.8689944076317686,86.89944076317686,3.22575,56.675,39.15,63.784637414064264
20.5,4.0,95.57161382128058,3.822864552851223,22.01501844874556,35.224029517992896,3.470624257671294,0.9557161382128058,0.8676560644178235,86.76560644178235,3.243,56.925000000000004,39.4,64.45336552445573
20.75,4.0,95.52235461691035,3.820894184676414,22.222331896763677,35.55573103482188,3.4653368743281954,0.9552235461691035,0.8663342185820488,86.63342185820488,3.2595,57.175,39.675,65.12087143735515
21.0,4.0,95.47193523371921,3.8188774093487683,22.428773947700783,35.886038316321255,3.4600170261855556,0.9547193523371921,0.8650042565463889,86.50042565463889,3.2765,57.425000000000004,39.925,65.78717207235442
21.25,4.0,95.42292967961309,3.8169171871845236,22.63531881404481,36.216510102471695,3.454752086159807,0.9542292967961309,0.8636880215399517,86.36880215399518,3.293,57.675,40.175,66.45228391634069
21.5,4.0,95.37523441294215,3.8150093765176862,22.842032697735178,36.54725231637629,3.4495368533539232,0.9537523441294216,0.8623842133384808,86.23842133384808,3.309,57.925000000000004,40.425,67.11622303951918
21.75,4.0,95.32706594644182,3.813082637857673,23.048259094821084,36.877214551713735,3.444310492340536,0.9532706594644182,0.861077623085134,86.1077623085134,3.32525,58.15,40.675,67.77900511066333
22.0,4.0,95.27964171769547,3.8111856687078185,23.254764314703724,37.20762290352596,3.4391094396725586,0.9527964171769546,0.8597773599181396,85.97773599181396,3.34125,58.4,40.9,68.44064541163829
22.25,4.0,95.23303449881895,3.809321379952758,23.461305759396957,37.538089215035136,3.4339404878024062,0.9523303449881894,0.8584851219506014,85.84851219506014,3.357,58.62500000000001,41.15,69.10115885123956
22.5,4.0,95.18500183361698,3.807400073344679,23.66722607511079,37.867561720177264,3.4287244561429064,0.9518500183361698,0.8571811140357266,85.71811140357266,3.37325,58.85,41.4,69.76055997838755
22.75,4.0,95.13894211507126,3.8055576846028503,23.873375757376483,38.19740121180237,3.423583672484827,0.9513894211507126,0.8558959181212067,85.58959181212067,3.38875,59.099999999999994,41.625,70.41886299471322
23.0,4.0,95.0932291982825,3.8037291679313,24.07936862184521,38.526989794952335,3.4184592699817764,0.950932291982825,0.8546148174954441,85.4614817495444,3.40425,59.325,41.85,71.07608176657119
23.25,4.0,95.04732127457177,3.801892850982871,24.285140487320376,38.856224779712605,3.413330603185745,0.9504732127457177,0.8533326507964362,85.33326507964361,3.41975,59.52499999999999,42.1,71.7322298365104
23.5,4.0,95.00160835778304,3.800064334311322,24.49058181218983,39.18493089950373,3.4082150253162844,0.9500160835778304,0.8520537563290711,85.2053756329071,3.43525,59.75,42.325,72.3873204342339
23.75,4.0,94.95638572684311,3.7982554290737243,24.695938468577403,39.51350154972385,3.4031204135764854,0.9495638572684311,0.8507801033941214,85.07801033941213,3.4505,59.975,42.55,73.04136648707504
24.0,4.0,94.91217112239026,3.7964868448956106,24.90132702523737,39.8421232403798,3.3980656124918127,0.9491217112239027,0.8495164031229532,84.95164031229532,3.4655,60.175,42.775,73.69438063001601
24.25,4.0,94.8663288240429,3.794653152961716,25.10591384366514,40.16946214986422,3.3929585314630737,0.948663288240429,0.8482396328657684,84.82396328657684,3.481,60.4,43.0,74.34637521527394
24.5,4.0,94.82283688386272,3.792913475354509,25.311011710198336,40.49761873631734,3.3879372879913356,0.9482283688386273,0.8469843219978339,84.6984321997834,3.49575,60.6,43.225,74.99736232147698
24.75,4.0,94.77938719993904,3.7911754879975614,25.515880551743944,40.82540888279031,3.3829213991696583,0.9477938719993902,0.8457303497924146,84.57303497924146,3.5105,60.8,43.425000000000004,75.64735376245201
25.0,4.0,94.73579386958505,3.789431754783402,25.720440016758385,41.152704026813424,3.3779047145152674,0.9473579386958504,0.8444761786288169,84.44761786288169,3.52525,61.0,43.65,76.29636109564453
25.25,4.0,94.69220569428754,3.787688227771501,25.924773777932323,41.47963804469172,3.3728918473245844,0.9469220569428752,0.843222961831146,84.3222961831146,3.54,61.199999999999996,43.875,76.9443956301889
25.5,4.0,94.65013989936662,3.7860055959746655,26.129302506686397,41.80688401069824,3.367936755867683,0.9465013989936664,0.8419841889669207,84.19841889669208,3.55425,61.4,44.074999999999996,77.59146843464761
25.75,4.0,94.60619371515745,3.784247748606298,26.33419626207328,42.13471401931725,3.3629006084131254,0.9460619371515745,0.8407251521032814,84.07251521032813,3.56925,61.6,44.3,78.23759034443567
26.0,4.0,94.56441336684269,3.7825765346737072,26.539730555947823,42.46356888951652,3.357940845778542,0.9456441336684268,0.8394852114446355,83.94852114446356,3.5835,61.8,44.5,78.88277196894603
26.25,4.0,94.52326577981454,3.7809306311925814,26.74519762949601,42.79231620719362,3.3530074691206453,0.9452326577981452,0.8382518672801613,83.82518672801613,3.5975,62.0,44.7,79.52702369839098
26.5,4.0,94.48162909598133,3.779265163839254,26.950304456511947,43.120487130419114,3.3480602925350627,0.9448162909598135,0.8370150731337657,83.70150731337657,3.61175,62.175000000000004,44.925,80.1703557103733
26.75,4.0,94.43984874766656,3.777593949906663,27.15518637097944,43.448298193567105,3.343110967970992,0.9443984874766658,0.835777741992748,83.5777741992748,3.626,62.375,45.125,80.8127779762002
27.0,4.0,94.39887702351412,3.775955080940565,27.36014795773894,43.77623673238231,3.3381927136167415,0.9439887702351413,0.8345481784041854,83.45481784041854,3.64,62.55,45.324999999999996,81.45430026695257
27.25,4.0,94.35876272005751,3.7743505088023004,27.565057769417535,44.10409243106806,3.33330958449162,0.943587627200575,0.833327396122905,83.3327396122905,3.65375,62.724999999999994,45.525,82.0949321593213
27.5,4.0,94.31625970747007,3.772650388298803,27.769083938973942,44.43053430235831,3.32834504527522,0.9431625970747007,0.832086261318805,83.20862613188051,3.66825,62.925,45.725,82.73468304122134
27.75,4.0,94.27751314574702,3.771100525829881,27.9739661091561,44.758345774649754,3.3235170680833837,0.9427751314574703,0.8308792670208459,83.08792670208459,3.6815,63.1,45.9,83.37356211719411
28.0,4.0,94.2379915533731,3.7695196621349245,28.17844972857363,45.08551956571782,3.3186644664777463,0.942379915533731,0.8296661166194366,82.96661166194366,3.695,63.275000000000006,46.1,84.01157841360829
28.25,4.0,94.19718608510414,3.767887443404166,28.38235349996683,45.41176559994693,3.3137697874046967,0.9419718608510415,0.8284424468511742,82.84424468511742,3.709,63.449999999999996,46.300000000000004,84.6487407836676
28.5,4.0,94.1583309720895,3.76633323888358,28.586626629302835,45.73860260688454,3.308947212814734,0.9415833097208949,0.8272368032036835,82.72368032036836,3.72225,63.625,46.5,85.28505791223517
28.75,4.0,94.1205192402083,3.764820769608332,28.791003458664274,46.06560553386285,3.3041647142697035,0.941205192402083,0.8260411785674259,82.60411785674259,3.73525,63.775000000000006,46.675,85.92053832048218
29.0,4.0,94.08166412719366,3.7632665650877466,28.99489153615329,46.39182645784527,3.2993483005092936,0.9408166412719366,0.8248370751273234,82.48370751273234,3.7485,63.949999999999996,46.875,86.55519037036886
29.25,4.0,94.04294225092369,3.7617176900369476,29.198615998532556,46.717785597652096,3.294539834060427,0.9404294225092369,0.8236349585151067,82.36349585151068,3.76175,64.125,47.05,87.18902226896537
29.5,4.0,94.00366883002827,3.760146753201131,29.402261721792335,47.04361875486774,3.289710565652454,0.9400366883002828,0.8224276414131134,82.24276414131134,3.77525,64.275,47.25,87.82204207261945
29.75,4.0,93.96579410666182,3.7586317642664726,29.606089172535867,47.36974267605739,3.2849343375058986,0.9396579410666182,0.8212335843764746,82.12335843764747,3.78825,64.45,47.425,88.45425769097741
30.0,4.0,93.92862878858284,3.7571451515433134,29.81004904488283,47.696078471812534,3.280184366825188,0.9392862878858282,0.820046091706297,82.0046091706297,3.801,64.60000000000001,47.599999999999994,89.08567689086536
30.25,4.0,93.89147672948901,3.755659069179561,30.01374769556745,48.02199631290792,3.2754391060504817,0.9389147672948902,0.8188597765126204,81.88597765126204,3.81375,64.775,47.775,89.71630730003601
30.5,4.0,93.85510557308761,3.7542042229235046,30.217536555452845,48.348058488724554,3.2707236380362588,0.9385510557308762,0.8176809095090647,81.76809095090647,3.82625,64.925,47.949999999999996,90.34615641078686
30.75,4.0,93.81726822122303,3.752690728848921,30.42075806008163,48.673212896130615,3.2659585998876146,0.9381726822122303,0.8164896499719037,81.64896499719036,3.83925,65.075,48.15,90.97523158345605
31.0,4.0,93.77933509433083,3.7511734037732327,30.62366374235218,48.997861987763486,3.2611947838955984,0.9377933509433082,0.8152986959738996,81.52986959738996,3.85225,65.25,48.325,91.60354004979942
31.25,4.0,93.74365288412946,3.7497461153651783,30.827135179520997,49.3234162872336,3.2565119524928425,0.9374365288412945,0.8141279881232105,81.41279881232106,3.8645,65.4,48.5,92.23108891625546
31.5,4.0,93.70810990727547,3.748324396291019,31.030469695777686,49.6487515132443,3.2518368811585754,0.9370810990727547,0.8129592202896438,81.29592202896438,3.87675,65.55,48.65,92.85788516710129
31.75,4.0,93.67170503280144,3.7468682013120578,31.233378540419814,49.9734056646717,3.247134144665341,0.9367170503280144,0.8117835361663353,81.17835361663353,3.88925,65.7,48.825,93.48393566750514
32.0,4.0,93.63539006131343,3.745415602452537,31.436199060228432,50.2979184963655,3.2424364174888822,0.9363539006131343,0.8106091043722206,81.06091043722205,3.90175,65.85,49.0,94.109247166479
32.25,4.0,93.59905824362238,3.743962329744895,31.638743150301938,50.62198904048309,3.2377424393400642,0.9359905824362238,0.809435609835016,80.9435609835016,3.91425,66.0,49.175000000000004,94.73382629973544
32.5,4.0,93.56331459387846,3.7425325837551386,31.84133703238906,50.9461392518225,3.2330711912369137,0.9356331459387845,0.8082677978092284,80.82677978092285,3.9265,66.14999999999999,49.35,95.35767959245295
32.75,4.0,93.52940064769551,3.7411760259078206,32.044353572769076,51.270965716430524,3.228466368743516,0.9352940064769552,0.8071165921858788,80.71165921858788,3.93825,66.27499999999999,49.5,95.98081346195264
33.0,4.0,93.4929957732215,3.7397198309288595,32.246459408292445,51.59433505326791,3.22377648039618,0.9349299577322149,0.805944120099045,80.5944120099045,3.95075,66.425,49.675000000000004,96.60323422029042
33.25,4.0,93.45956292278174,3.73838251691127,32.449300970505384,51.918881552808614,3.2191937013831837,0.9345956292278175,0.8047984253457958,80.47984253457957,3.96225,66.57499999999999,49.825,97.22494807676782
33.5,4.0,93.42490454150222,3.736996181660089,32.65230599314331,52.243689589029294,3.214559285769796,0.9342490454150223,0.803639821442449,80.3639821442449,3.97425,66.7,50.0,97.84596114036404
33.75,4.0,93.39017149750943,3.735606859900377,32.85502958339075,52.568047333425206,3.2099263865661247,0.9339017149750942,0.8024815966415312,80.24815966415312,3.98625,66.85,50.14999999999999,98.46627942209342
34.0,4.0,93.35621158317036,3.7342484633268143,33.05784696148464,52.89255513837543,3.20532291194306,0.9335621158317036,0.801330727985765,80.13307279857649,3.998,66.975,50.324999999999996,99.08590883728984
34.25,4.0,93.32151583038898,3.7328606332155596,33.260313132328854,53.21650101172617,3.200695623098298,0.9332151583038899,0.8001739057745745,80.01739057745745,4.01,67.125,50.475,99.70485520782178
34.5,4.0,93.28974736040666,3.7315898944162664,33.46335132973228,53.54136212757166,3.1961762731405496,0.9328974736040666,0.7990440682851374,79.90440682851374,4.021,67.25,50.625,100.32312426424028
34.75,4.0,93.25445621784053,3.7301782487136212,33.6654806400851,53.864769024136166,3.1915305584722593,0.9325445621784053,0.7978826396180648,79.78826396180648,4.03325,67.375,50.8,100.94072164786216
35.0,4.0,93.22035593513435,3.7288142374053743,33.86764170704748,54.188226731275975,3.186931970092614,0.9322035593513436,0.7967329925231535,79.67329925231536,4.045,67.525,50.949999999999996,101.55765291279148
35.25,4.0,93.1871957368992,3.727487829475968,34.06996037033497,54.51193659253595,3.1823684635506084,0.931871957368992,0.7955921158876521,79.55921158876521,4.0565,67.65,51.1,102.17392352788049
35.5,4.0,93.15672412805753,3.7262689651223013,34.272774563490984,54.83643930158558,3.1779045721064456,0.9315672412805753,0.7944761430266114,79.44761430266114,4.067,67.77499999999999,51.24999999999999,102.78953887863354
35.75,4.0,93.12286546288196,3.7249146185152786,34.47471366885067,55.15954187016107,3.173319199813668,0.9312286546288197,0.7933297999534169,79.33297999534169,4.07875,67.9,51.4,103.40450426905498
36.0,4.0,93.09036648937695,3.723614659575078,34.67679592437013,55.48287347899221,3.1687859247851557,0.9309036648937695,0.7921964811962889,79.2196481196289,4.09,68.025,51.55,104.0188249234434
36.25,4.0,93.0579367946645,3.72231747178658,34.87869953919795,55.80591926271672,3.1642582791594127,0.930579367946645,0.7910645697898532,79.10645697898532,4.10125,68.15,51.7,104.63250598813461
36.5,4.0,93.02556928146817,3.7210227712587267,35.08052109234819,56.12883374775711,3.1597344337811557,0.9302556928146816,0.7899336084452889,78.9933608445289,4.1125,68.27499999999999,51.849999999999994,105.24555253319437
36.75,4.0,92.99449197629822,3.719779679051929,35.28252982837568,56.45204772540108,3.155259201797918,0.9299449197629822,0.7888148004494794,78.88148004494793,4.12325,68.4,52.0,105.85796955406298
37.0,4.0,92.96123900745093,3.718449560298037,35.483945365375284,56.77431258460046,3.150706434452032,0.9296123900745092,0.787676608613008,78.7676608613008,4.13475,68.525,52.15,106.46976197315396
37.25,4.0,92.93027025357256,3.717210810142902,35.685708924598615,57.09713427935779,3.1462394673493237,0.9293027025357254,0.7865598668373309,78.65598668373309,4.1455,68.65,52.275000000000006,107.08093464140727
37.5,4.0,92.89711005533741,3.7158844022134963,35.88683680086973,57.41893888139156,3.1416950133995805,0.9289711005533741,0.7854237533498951,78.54237533498952,4.157,68.77499999999999,52.425,107.6914923397999
37.75,4.0,92.8667969717628,3.7146718788705115,36.088491689397976,57.741586703036766,3.1372560118401442,0.9286679697176279,0.7843140029600361,78.4314002960036,4.1675,68.89999999999999,52.575,108.30143978081416
38.0,4.0,92.83647128571454,3.713458851428582,36.29011530226367,58.06418448362189,3.132817006592363,0.9283647128571454,0.7832042516480907,78.32042516480907,4.178,69.0,52.725,108.910781609866
38.25,4.0,92.80411080358333,3.712164432143333,36.49107755552718,58.38572408884348,3.1283071912548985,0.9280411080358333,0.7820767978137245,78.20767978137245,4.18925,69.125,52.849999999999994,109.51952240669426
38.5,4.0,92.77379772000872,3.710951908800349,36.69236072800433,58.707777164806934,3.123874137152279,0.9277379772000871,0.7809685342880698,78.09685342880698,4.19975,69.25,53.0,110.12766668671212
38.75,4.0,92.74427175006443,3.7097708700025764,36.89382555689428,59.030120891030855,3.119469661092268,0.9274427175006441,0.779867415273067,77.9867415273067,4.21,69.35,53.125,110.73521890232223
39.0,4.0,92.71322816296711,3.7085291265186844,37.094739609854614,59.35158337576738,3.1150132927610104,0.9271322816296711,0.7787533231902526,77.87533231902526,4.22075,69.475,53.27499999999999,111.34218344419679
39.25,4.0,92.6815981843586,3.707263927374344,37.295344192413744,59.672550707861994,3.110538420295724,0.926815981843586,0.777634605073931,77.7634605073931,4.23175,69.6,53.400000000000006,111.94856464252337
39.5,4.0,92.65273518684613,3.7061094074738445,37.496504799502745,59.99440767920439,3.106165330681801,0.9265273518684611,0.7765413326704502,77.65413326704503,4.24175,69.69999999999999,53.55,112.55436676821797
39.75,4.0,92.62329468538589,3.7049317874154357,37.697552064372694,60.31608330299631,3.1017709543854726,0.9262329468538589,0.7754427385963681,77.54427385963682,4.252,69.8,53.675,113.15959403410605
40.0,4.0,92.59299241086678,3.7037196964346717,37.89816046804761,60.63705674887618,3.09734912894591,0.9259299241086678,0.7743372822364775,77.43372822364775,4.2625,69.925,53.800000000000004,113.76425059607311
40.25,4.0,92.56412211122627,3.7025648844490506,38.09906218490573,60.958499495849175,3.0929798894905587,0.9256412211122627,0.7732449723726397,77.32449723726397,4.2725,70.025,53.949999999999996,114.36834055418481
40.5,4.0,92.53249213261775,3.7012996853047095,38.29908448468533,61.27853517549653,3.0885143335497447,0.9253249213261774,0.7721285833874362,77.21285833874362,4.2835,70.15,54.074999999999996,114.97186795377898
40.75,4.0,92.50381585275287,3.7001526341101147,38.499829999367705,61.59972799898833,3.0841553541202313,0.9250381585275287,0.7710388385300578,77.10388385300578,4.2935,70.25,54.2,115.57483678652922
41.0,4.0,92.4749528552404,3.698998114209616,38.7003009231563,61.92048147705008,3.0797932994391153,0.924749528552404,0.7699483248597788,76.99483248597788,4.3035,70.35,54.35,116.17725099148133
41.25,4.0,92.44555863902,3.697822345560801,38.90087537840035,62.24140060544056,3.0754083395063954,0.9244555863902002,0.7688520848765987,76.88520848765987,4.31375,70.45,54.474999999999994,116.77911445606397
41.5,4.0,92.41674353835731,3.6966697415342917,39.10153787155862,62.56246059449379,3.071045135589354,0.9241674353835729,0.7677612838973384,76.77612838973384,4.32375,70.575,54.6,117.38043101707348
41.75,4.0,92.38812456806629,3.695524982722652,39.30232781095304,62.88372449752487,3.0666877377474036,0.923881245680663,0.7666719344368508,76.66719344368508,4.33375,70.675,54.725,117.9812044616342
42.0,4.0,92.36023932562149,3.6944095730248603,39.503055417832584,63.204888668532135,3.062360686339539,0.923602393256215,0.7655901715848846,76.55901715848846,4.3435,70.775,54.85,118.58143852813544
42.25,4.0,92.33226131256458,3.693290452502583,39.70370954286834,63.52593526858934,3.0580310998166897,0.9233226131256458,0.7645077749541723,76.45077749541723,4.35325,70.875,54.974999999999994,119.18113690714416
42.5,4.0,92.30300958098694,3.6921203832394776,39.90403046486052,63.84644874377683,3.0536558958017093,0.9230300958098694,0.7634139739504273,76.34139739504273,4.3635,70.975,55.1,119.78030324229661
42.75,4.0,92.274304588545,3.6909721835418,40.1042523116003,64.16680369856049,3.049304146556195,0.92274304588545,0.7623260366390487,76.23260366390487,4.3735,71.075,55.225,120.37894113116717
43.0,4.0,92.24635364044642,3.689854145617857,40.30461068496696,64.48737709594714,3.0449803746583854,0.9224635364044642,0.7612450936645964,76.12450936645963,4.38325,71.175,55.35,120.97705412611666
43.25,4.0,92.2191365756602,3.6887654630264084,40.50499364116034,64.80798982585655,3.040685564767843,0.9221913657566021,0.7601713911919606,76.01713911919606,4.39275,71.275,55.474999999999994,121.57464573512011
43.5,4.0,92.19055286627497,3.687622114650999,40.704995736181885,65.12799317789101,3.0363421828720893,0.9219055286627498,0.7590855457180223,75.90855457180223,4.40275,71.375,55.60000000000001,122.17171942257434
43.75,4.0,92.1632733201585,3.6865309328063396,40.90514120283455,65.44822592453528,3.0320486735609866,0.9216327332015849,0.7580121683902467,75.80121683902466,4.41225,71.475,55.725,122.76827861008688
44.0,4.0,92.13545406597142,3.6854181626388574,41.10521490219703,65.76834384351524,3.027734724203705,0.9213545406597143,0.7569336810509262,75.69336810509262,4.422,71.575,55.825,123.36432667724557
44.25,4.0,92.10893874145026,3.6843575496580105,41.30531988318142,66.08851181309028,3.0234724315271078,0.9210893874145026,0.7558681078817769,75.5868107881777,4.43125,71.675,55.95,123.95986696237058
44.5,4.0,92.08258384792369,3.6833033539169473,41.50553408454572,66.40885453527316,3.019214808564216,0.9208258384792368,0.754803702141054,75.48037021410539,4.4405,71.75,56.074999999999996,124.55490276324825
44.75,4.0,92.05593706309384,3.6822374825237527,41.70543851726127,66.72870162761804,3.0149504662475723,0.9205593706309382,0.7537376165618931,75.3737616561893,4.44975,71.85000000000001,56.2,125.14943733784847
45.0,4.0,92.02815306981256,3.6811261227925023,41.90505915781119,67.04809465249791,3.0106451762675235,0.9202815306981256,0.7526612940668809,75.2661294066881,4.4595,71.95,56.3,125.74347390502467
45.25,4.0,92.00093600502632,3.6800374402010534,42.10465401451816,67.36744642322905,3.006362975968763,0.9200093600502633,0.7515907439921906,75.15907439921907,4.469,72.05,56.425000000000004,126.33701564519848
45.5,4.0,91.97442784086184,3.678977113634473,42.30447518726317,67.68716029962108,3.002105510638262,0.9197442784086183,0.7505263776595655,75.05263776595655,4.47825,72.125,56.55,126.93006570102794
45.75,4.0,91.94810653611634,3.677924261444654,42.50407424805672,68.00651879689075,2.9978590734757464,0.9194810653611635,0.7494647683689365,74.94647683689365,4.4875,72.225,56.65,127.52262717806128
46.0,4.0,91.92085902658214,3.676834361063285,42.70337074331088,68.3253931892974,2.9935804291703114,0.9192085902658212,0.7483951072925779,74.83951072925778,4.497,72.32499999999999,56.775,128.11470314537496
46.25,4.0,91.89524334913372,3.675809733965349,42.90308830802469,68.6449412928395,2.989360321036954,0.9189524334913373,0.7473400802592385,74.73400802592384,4.506,72.39999999999999,56.875,128.70629663619818
46.5,4.0,91.86945852813528,3.6747783411254114,43.102463301171845,68.96394128187495,2.985138928306662,0.9186945852813528,0.7462847320766655,74.62847320766654,4.515,72.5,56.99999999999999,129.29741064852277
46.75,4.0,91.84377854351821,3.6737511417407283,43.30204766482124,69.28327626371399,2.9809183791035885,0.9184377854351821,0.7452295947758971,74.52295947758971,4.524,72.575,57.099999999999994,129.88804814569994
47.0,4.0,91.81725656588277,3.6726902626353115,43.50109697145072,69.60175515432115,2.9766727110920996,0.9181725656588279,0.7441681777730249,74.4168177773025,4.53325,72.675,57.225,130.4782120570234
47.25,4.0,91.79237804507136,3.6716951218028546,43.70059188368173,69.92094701389077,2.9724856516639466,0.9179237804507135,0.7431214129159867,74.31214129159866,4.542,72.75,57.325,131.06790527829995
47.5,4.0,91.76646176376421,3.6706584705505683,43.89959892440918,70.2393582790547,2.9682648877600215,0.9176646176376421,0.7420662219400054,74.20662219400054,4.551,72.85000000000001,57.45,131.6571306724071
47.75,4.0,91.74027907968407,3.6696111631873634,44.09867124609568,70.55787399375309,2.9640324232498325,0.9174027907968408,0.7410081058124581,74.10081058124581,4.56025,72.925,57.550000000000004,132.24589106983927
48.0,4.0,91.71502402310705,3.668600960924282,44.29767269477195,70.87627631163512,2.959838197807931,0.9171502402310705,0.7399595494519827,73.99595494519828,4.569,73.02499999999999,57.675,132.83418926924105
48.25,4.0,91.68938128070029,3.667575251228011,44.4966543180127,71.19464690882033,2.9556287821398084,0.9168938128070028,0.738907195534952,73.8907195534952,4.578,73.1,57.775,133.42202803793012
48.5,4.0,91.66442324076412,3.6665769296305655,44.695538552769015,71.51286168443043,2.951448312786261,0.9166442324076414,0.7378620781965652,73.78620781965652,4.58675,73.2,57.875,134.009410112408
48.75,4.0,91.63954471995271,3.6655817887981086,44.89450441486792,71.83120706378867,2.947269718160222,0.9163954471995271,0.7368174295400555,73.68174295400554,4.5955,73.275,57.975,134.5963381988603
49.0,4.0,91.61442828404105,3.6645771313616424,45.093362510652085,72.14938001704334,2.943083331191209,0.9161442828404106,0.7357708327978022,73.57708327978023,4.60425,73.35000000000001,58.099999999999994,135.18281497364632
49.25,4.0,91.58883748281825,3.66355349931273,45.29183565206232,72.46693704329971,2.938884128879733,0.9158883748281825,0.7347210322199332,73.47210322199332,4.61325,73.45,58.199999999999996,135.76884308377822
49.5,4.0,91.5638939220613,3.662555756882452,45.490817525106216,72.78530804016995,2.934702676480752,0.9156389392206129,0.733675669120188,73.3675669120188,4.622,73.52499999999999,58.3,136.35442514739003
49.75,4.0,91.54047354986584,3.6616189419946337,45.69002060629178,73.10403297006685,2.930578612293965,0.9154047354986583,0.7326446530734912,73.26446530734913,4.63025,73.6,58.4,136.93956375419697
50.0,4.0,91.51704685434795,3.6606818741739184,45.88921503319602,73.42274405311363,2.926454433642782,0.9151704685434796,0.7316136084106954,73.16136084106955,4.6385,73.675,58.5,137.52426146594516
50.25,4.0,91.48998067591008,3.659599227036403,46.08735916802186,73.73977466883498,2.922201480348053,0.9148998067591008,0.7305503700870133,73.05503700870133,4.648,73.775,58.62500000000001,138.10852081685192
50.5,4.0,91.46646256147855,3.6586585024591423,46.28634374410746,74.05814999057195,2.918077002553423,0.9146646256147856,0.7295192506383558,72.95192506383557,4.65625,73.85000000000001,58.72500000000001,138.69234431403697
50.75,4.0,91.4430711268665,3.6577228450746597,46.485233064606696,74.37637290337072,2.9139591160409526,0.9144307112686649,0.7284897790102381,72.84897790102382,4.6645,73.925,58.825,139.27573443794506
51.0,4.0,91.41888020975327,3.6567552083901314,46.68394645016474,74.69431432026359,2.9098120651874955,0.9141888020975328,0.7274530162968739,72.74530162968739,4.673,74.0,58.925000000000004,139.8586936427596
51.25,4.0,91.39548690251618,3.655819476100647,46.88268038783634,75.01228862053814,2.9056965898952654,0.9139548690251617,0.7264241474738163,72.64241474738164,4.68125,74.075,59.025000000000006,140.44122435680788
51.5,4.0,91.37142744571165,3.6548570978284665,47.08124056459782,75.32998490335652,2.901557248794901,0.9137142744571166,0.7253893121987253,72.53893121987252,4.68975,74.15,59.12500000000001,141.02332898295856
51.75,4.0,91.34790933128014,3.653916373251205,47.27982820166316,75.64772512266106,2.8974391220245943,0.9134790933128012,0.7243597805061486,72.43597805061486,4.698,74.225,59.22500000000001,141.60500989901047
52.0,4.0,91.32384987447561,3.6529539949790246,47.47823220079846,75.96517152127754,2.8933022797662495,0.9132384987447562,0.7233255699415624,72.33255699415623,4.7065,74.3,59.325,142.1862694580745
52.25,4.0,91.30096606416392,3.6520386425665565,47.676724320895524,76.28275891343284,2.8892110534322284,0.9130096606416391,0.7223027633580571,72.23027633580571,4.7145,74.375,59.425,142.76710998894652
52.5,4.0,91.27670228104026,3.6510680912416102,47.87481675248096,76.59970680396954,2.885071023201915,0.9127670228104026,0.7212677558004787,72.12677558004788,4.723,74.47500000000001,59.52499999999999,143.3475337964747
52.75,4.0,91.25203712790744,3.6500814851162975,48.072852346511645,76.91656375441863,2.880915847572111,0.9125203712790743,0.7202289618930278,72.02289618930277,4.73175,74.55000000000001,59.62499999999999,143.92754316191773
53.0,4.0,91.23155434290081,3.649262173716032,48.27179322775075,77.2348691644012,2.87691348207202,0.912315543429008,0.719228370518005,71.9228370518005,4.739,74.6,59.699999999999996,144.50714034329752
53.25,4.0,91.20812764738292,3.648325105895317,48.46996827179874,77.551949234878,2.872805613546537,0.9120812764738292,0.7182014033866342,71.82014033866342,4.74725,74.675,59.8,145.08632757574392
53.5,4.0,91.18470727518748,3.647388291007499,48.6679950424474,77.86879206791585,2.8687003703283405,0.9118470727518746,0.717175092582085,71.7175092582085,4.7555,74.75,59.9,145.66510707183343
53.75,4.0,91.16128057966961,3.646451223186784,48.86602069389392,78.18563311023028,2.8645948920844813,0.911612805796696,0.7161487230211203,71.61487230211203,4.76375,74.825,60.0,146.2434810219209
54.0,4.0,91.13916099095324,3.6455664396381295,49.064142940671296,78.50262870507407,2.860540152587389,0.9113916099095324,0.7151350381468472,71.51350381468473,4.7715,74.9,60.099999999999994,146.82145159446497
54.25,4.0,91.11723247847972,3.6446892991391886,49.26233655693914,78.81973849110264,2.8564919142281626,0.9111723247847971,0.7141229785570407,71.41229785570407,4.77925,74.97500000000001,60.175,147.39902093634734
54.5,4.0,91.09381210628426,3.643752484251371,49.46006818006477,79.13610908810364,2.852391393370335,0.9109381210628428,0.7130978483425837,71.30978483425837,4.7875,75.05,60.275,147.9761911731861
54.75,4.0,91.07044773663056,3.642817909465222,49.65775367002798,79.45240587204476,2.848293850744774,0.9107044773663056,0.7120734626861935,71.20734626861935,4.79575,75.125,60.375,148.5529644096424
55.0,4.0,91.04766012572173,3.6419064050288696,49.85549350003454,79.76878960005529,2.844218509028317,0.9104766012572174,0.7110546272570792,71.10546272570792,4.80375,75.2,60.475,149.12934272972228
55.25,4.0,91.02654457942847,3.641061783177139,50.05361933233132,80.08579093173012,2.8402038738598376,0.9102654457942847,0.7100509684649593,71.00509684649593,4.81125,75.25,60.550000000000004,149.7053281970719
55.5,4.0,91.00381635085103,3.6401526540340416,50.251242235143565,80.40198757622971,2.8361327782717445,0.9100381635085103,0.7090331945679361,70.90331945679361,4.81925,75.325,60.650000000000006,150.28092285526796
55.75,4.0,90.98102873994222,3.639241149597688,50.448768020415415,80.71802883266466,2.832060861271042,0.909810287399422,0.7080152153177605,70.80152153177605,4.82725,75.4,60.75000000000001,150.8561287281023
56.0,4.0,90.95980028624342,3.638392011449737,50.64657099474968,81.03451359159949,2.828046875533742,0.9095980028624342,0.7070117188834355,70.70117188834355,4.83475,75.47500000000001,60.824999999999996,151.43094781986105
56.25,4.0,90.93861398453575,3.6375445593814297,50.84442461246344,81.3510793799415,2.8240337655820147,0.9093861398453573,0.7060084413955037,70.60084413955036,4.84225,75.52499999999999,60.925,152.00538211559916
56.5,4.0,90.91735981757711,3.636694392703084,51.04199354940632,81.66718967905013,2.820022495912583,0.9091735981757709,0.7050056239781457,70.50056239781458,4.84975,75.6,61.0,152.57943358140938
56.75,4.0,90.89393312205924,3.6357573248823694,51.23916014859389,81.98265623775022,2.8159307625048675,0.9089393312205923,0.7039826906262169,70.3982690626217,4.858,75.675,61.1,153.15310416468648
57.0,4.0,90.87261324944681,3.634904529977873,51.436638183212246,82.2986210931396,2.8119183190464767,0.9087261324944681,0.7029795797616192,70.29795797616191,4.8655,75.75,61.175000000000004,153.7263957943868
57.25,4.0,90.85209169660692,3.6340836678642767,51.63429026675458,82.61486442680734,2.8079350235962033,0.9085209169660692,0.7019837558990508,70.19837558990508,4.87275,75.8,61.275,154.29931038128254
57.5,4.0,90.83009724487682,3.633203889795073,51.83150061708953,82.93040098734326,2.8038998799216404,0.9083009724487683,0.7009749699804101,70.09749699804101,4.8805,75.875,61.375,154.87184981821227
57.75,4.0,90.80833486345632,3.6323333945382537,52.02892293779983,83.24627670047973,2.799870627533456,0.9080833486345634,0.699967656883364,69.99676568833641,4.88825,75.925,61.45,155.44401598032604
58.0,4.0,90.78777701897998,3.631511080759199,52.226482545522416,83.56237207283587,2.7958873600308403,0.9078777701897998,0.6989718400077101,69.897184000771,4.8955,76.0,61.525,156.01581072532684
58.25,4.0,90.76514438818047,3.630605775527219,52.42361709998981,83.8777873599837,2.7918279019273817,0.9076514438818046,0.6979569754818454,69.79569754818455,4.9035,76.075,61.625,156.58723589370726
58.5,4.0,90.74548938596483,3.6298195754385936,52.621407865011946,84.19425258401913,2.787877049598402,0.9074548938596483,0.6969692623996006,69.69692623996005,4.9105,76.125,61.7,157.1582933089821
58.75,4.0,90.72346380319212,3.6289385521276847,52.818470597740514,84.50955295638482,2.7838430225638366,0.9072346380319212,0.6959607556409592,69.59607556409591,4.91825,76.2,61.8,157.7289847779168
59.0,4.0,90.70313599829478,3.6281254399317913,53.01602074642678,84.82563319428286,2.7798691079889624,0.9070313599829477,0.6949672769972406,69.49672769972406,4.9255,76.25,61.875,158.29931209075215
59.25,4.0,90.6818746371174,3.6272749854846955,53.21311247105297,85.14097995368476,2.775865185947848,0.9068187463711739,0.693966296486962,69.39662964869619,4.933,76.325,61.975,158.86927702142432
59.5,4.0,90.6614554133064,3.6264582165322565,53.41048701091962,85.45677921747138,2.771890424357543,0.9066145541330641,0.6929726060893856,69.29726060893856,4.94025,76.375,62.050000000000004,159.43888132778193
59.75,4.0,90.64096005016033,3.6256384020064134,53.607629478104926,85.7722071649679,2.7679163303567345,0.9064096005016034,0.6919790825891836,69.19790825891836,4.9475,76.44999999999999,62.125,160.00812675179873
60.0,4.0,90.61925467301026,3.6247701869204105,53.804675072344374,86.08748011575102,2.7638953857629005,0.9061925467301026,0.690973846440725,69.0973846440725,4.95525,76.5,62.224999999999994,160.57701501978272
60.25,4.0,90.59869682853393,3.6239478731413572,54.00165531467607,86.40264850348171,2.75992138810654,0.9059869682853393,0.689980347026635,68.9980347026635,4.9625,76.575,62.3,161.14554784258178
60.5,4.0,90.57910430764855,3.623164172305942,54.198971350266675,86.71835416042668,2.755980630701675,0.9057910430764855,0.6889951576754187,68.89951576754187,4.9695,76.625,62.375,161.71372691578568
60.75,4.0,90.5591521595005,3.6223660863800204,54.39596455507822,87.03354328812516,2.752030653498769,0.905591521595005,0.6880076633746922,68.80076633746923,4.9765,76.7,62.45,162.28155391992456
61.0,4.0,90.53878886009457,3.6215515544037826,54.59295811091883,87.34873297747014,2.7480642246290814,0.9053878886009457,0.6870160561572703,68.70160561572703,4.98375,76.75,62.55,162.84903052066417
61.25,4.0,90.51756299342578,3.6207025197370313,54.789599045506534,87.66335847281046,2.7440689350089267,0.9051756299342578,0.6860172337522317,68.60172337522317,4.99125,76.825,62.625,163.41615836899774
61.5,4.0,90.49863849473286,3.619945539789314,54.986758917871455,87.97881426859433,2.7401573971033706,0.9049863849473285,0.6850393492758426,68.50393492758427,4.998,76.875,62.7,163.98293910143434
61.75,4.0,90.4789177378623,3.619156709514492,55.18367894753105,88.29388631604968,2.7362178463539952,0.904789177378623,0.6840544615884987,68.40544615884987,5.005,76.925,62.775000000000006,164.54937434018464
62.0,4.0,90.45768841326719,3.6183075365306876,55.380106507709,88.6081704123344,2.7322258324073436,0.9045768841326719,0.6830564581018359,68.30564581018359,5.0125,77.0,62.875,165.1154656933429
62.25,4.0,90.43796765639665,3.6175187062558662,55.57690554821956,88.9230488771513,2.7282882174843532,0.9043796765639666,0.6820720543710883,68.20720543710883,5.0195,77.05,62.949999999999996,165.68121475506638
62.5,4.0,90.41840407309464,3.616736162923786,55.77374405693199,89.23799049109117,2.7243562580128744,0.9041840407309465,0.6810890645032186,68.10890645032185,5.0265,77.10000000000001,63.025,166.24662310575167
62.75,4.0,90.39778390275414,3.615911356110166,55.97015999454261,89.55225599126818,2.7203887961974837,0.9039778390275415,0.6800971990493709,68.0097199049371,5.03375,77.17500000000001,63.1,166.8116923122078
63.0,4.0,90.37955787100165,3.615182314840066,56.16706497952191,89.86730396723506,2.716509275167715,0.9037955787100165,0.6791273187919288,67.91273187919288,5.04025,77.225,63.175000000000004,167.37642392782678
63.25,4.0,90.35990286878601,3.61439611475144,56.36367820153938,90.18188512246302,2.7125772635268097,0.9035990286878599,0.6781443158817024,67.81443158817024,5.04725,77.275,63.24999999999999,167.94081949275147
63.5,4.0,90.34007552783237,3.6136030211132946,56.55999703522847,90.49599525636555,2.708643068549639,0.9034007552783235,0.6771607671374097,67.71607671374097,5.05425,77.35,63.324999999999996,168.50488053404024
63.75,4.0,90.32045097036472,3.6128180388145887,56.7565080623767,90.81041289980273,2.704713909816561,0.9032045097036472,0.6761784774541403,67.61784774541402,5.06125,77.4,63.4,169.0686085658293
64.0,4.0,90.2999625339725,3.6119985013589004,56.95270520539818,91.12432832863709,2.70075521807253,0.9029996253397251,0.6751888045181323,67.51888045181323,5.0685,77.45,63.5,169.63200508949228
64.25,4.0,90.28150511094252,3.611260204437701,57.14914554805768,91.4386328768923,2.696873875668778,0.9028150511094252,0.6742184689171945,67.42184689171945,5.075,77.525,63.575,170.19507159379734
64.5,4.0,90.2625485756673,3.610501943026692,57.34557392827419,91.75291828523872,2.692972760174305,0.902625485756673,0.6732431900435762,67.32431900435762,5.08175,77.575,63.65,170.75780955506124
64.75,4.0,90.24362407697438,3.609744963078975,57.54196602547983,92.06714564076772,2.689073506671298,0.9024362407697437,0.6722683766678245,67.22683766678244,5.0885,77.625,63.725,171.32022043730174
65.0,4.0,90.22457737565551,3.6089830950262205,57.738228985830126,92.38116637732821,2.6851714312529382,0.9022457737565551,0.6712928578132346,67.12928578132346,5.09525,77.67500000000001,63.800000000000004,171.88230569238704
65.25,4.0,90.20498175577123,3.6081992702308487,57.93440689272514,92.69505102836024,2.6812487599472465,0.9020498175577122,0.6703121899868116,67.03121899868117,5.10225,77.725,63.87500000000001,172.4440667601829
65.5,4.0,90.18582586580081,3.6074330346320322,58.13045646478539,93.00873034365662,2.677345731195466,0.9018582586580081,0.6693364327988665,66.93364327988664,5.109,77.8,63.949999999999996,173.0055050686972
65.75,4.0,90.16683561245296,3.6066734244981182,58.32657027208628,93.32251243533806,2.673448300144738,0.9016683561245296,0.6683620750361845,66.83620750361845,5.11575,77.85,64.025,173.566622034223
66.0,4.0,90.14787907717775,3.6059151630871105,58.52265944867735,93.63625511788376,2.669552611908273,0.9014787907717775,0.6673881529770681,66.73881529770681,5.1225,77.9,64.1,174.1274190614783
66.25,4.0,90.13045276152918,3.605218110461167,58.71902951229711,93.95044721967538,2.665713638264413,0.9013045276152917,0.6664284095661033,66.64284095661033,5.12875,77.95,64.14999999999999,174.68789754374444
66.5,4.0,90.1128729877761,3.604514919511044,58.91542075892346,94.26467321427754,2.6618681873682686,0.9011287298777609,0.6654670468420671,66.54670468420672,5.135,78.0,64.225,175.2480588630019
66.75,4.0,90.09334130939746,3.6037336523758983,59.111497022406,94.5783952358496,2.6579497000174026,0.9009334130939746,0.6644874250043507,66.44874250043506,5.142,78.05,64.3,175.80790439006398
67.0,4.0,90.07368139503362,3.602947255801345,59.307431190877786,94.89188990540447,2.6540283567473,0.9007368139503362,0.663507089186825,66.3507089186825,5.149,78.10000000000001,64.375,176.3674354847088
67.25,4.0,90.05529069240346,3.6022116276961382,59.50335706799016,95.20537130878427,2.6501579146082954,0.9005529069240346,0.6625394786520739,66.25394786520738,5.1555,78.175,64.45,176.92665349580867
67.5,4.0,90.03771091865038,3.6015084367460157,59.69953266530631,95.51925226449009,2.6463159141011148,0.9003771091865038,0.6615789785252787,66.15789785252787,5.16175,78.225,64.525,177.48555976145792
67.75,4.0,90.0195457294046,3.600781829176184,59.89559122249271,95.83294595598835,2.6424523696163007,0.900195457294046,0.6606130924040752,66.06130924040752,5.16825,78.27499999999999,64.60000000000001,178.0441556090986
68.0,4.0,90.00059065430474,3.60002362617219,60.091443651313156,96.14630984210106,2.638560527751179,0.9000059065430475,0.6596401319377948,65.96401319377948,5.175,78.325,64.67500000000001,178.60244235564403
68.25,4.0,89.9838105966556,3.599352423866224,60.28766983391315,96.46027173426104,2.6347497065236136,0.899838105966556,0.6586874266309034,65.86874266309034,5.181,78.375,64.725,179.16042130760124
68.5,4.0,89.96564540740984,3.5986258162963933,60.48357012933092,96.77371220692947,2.6308886942270986,0.8996564540740983,0.6577221735567746,65.77221735567747,5.1875,78.425,64.8,179.7180937611905
68.75,4.0,89.94809179238545,3.597923671695418,60.67948906297705,97.08718250076328,2.6270518466877855,0.8994809179238545,0.6567629616719464,65.67629616719464,5.19375,78.475,64.875,180.27546100246366
69.0,4.0,89.92974779703704,3.597189911881481,60.87519089454618,97.40030543127389,2.6231868575687427,0.8992974779703703,0.6557967143921857,65.57967143921857,5.20025,78.525,64.95,180.8325243074207
69.25,4.0,89.91158260779126,3.5964633043116505,61.07093521581345,97.71349634530152,2.6193283408586354,0.8991158260779126,0.6548320852146589,65.48320852146588,5.20675,78.57499999999999,65.025,181.3892849421245
69.5,4.0,89.89348663112669,3.5957394652450683,61.26671071785747,98.02673714857195,2.6154720937593483,0.898934866311267,0.6538680234398371,65.3868023439837,5.21325,78.625,65.075,181.94574416281367
69.75,4.0,89.87590685737362,3.5950362742949453,61.46241604817576,98.3398656770812,2.611637617524133,0.8987590685737362,0.6529094043810333,65.29094043810333,5.2195,78.675,65.14999999999999,182.50190321601372
70.0,4.0,89.85835324234927,3.5943341296939706,61.6580773833047,98.65292381328753,2.6078048915610954,0.8985835324234926,0.6519512228902739,65.19512228902738,5.22575,78.725,65.225,183.0577633386469
70.25,4.0,89.83948958616305,3.5935795834465227,61.85351113738205,98.96561781981129,2.6039234052484095,0.8983948958616306,0.6509808513121024,65.09808513121024,5.2325,78.77499999999999,65.3,183.61332575814018
70.5,4.0,89.82270952851393,3.592908381140557,62.04927361630194,99.2788377860831,2.600120003279726,0.8982270952851392,0.6500300008199315,65.00300008199315,5.2385,78.825,65.35,184.16859169253175
70.75,4.0,89.8051834238772,3.592207336955088,62.24479203048922,99.59166724878276,2.596290664467261,0.898051834238772,0.6490726661168151,64.90726661168151,5.24475,78.875,65.425,184.72356235057558
71.0,4.0,89.78762980885284,3.5915051923541137,62.44025157099963,99.90440251359941,2.5924611672181195,0.8978762980885284,0.6481152918045298,64.81152918045298,5.251,78.925,65.5,185.27823893184484
71.25,4.0,89.7708497512037,3.590833990048148,62.63586372878394,100.2173819660543,2.588660170387605,0.897708497512037,0.6471650425969012,64.71650425969013,5.257,78.975,65.55,185.83262262683394
71.5,4.0,89.75268456195793,3.590107382478317,62.83115284421136,100.52984455073818,2.5848089369709353,0.8975268456195793,0.6462022342427338,64.62022342427338,5.2635,79.025,65.625,186.3867146170587
71.75,4.0,89.73535646031792,3.5894142584127167,63.02670287512516,100.84272460020026,2.580987012410714,0.8973535646031792,0.6452467531026785,64.52467531026785,5.26975,79.05,65.7,186.94051607515507
72.0,4.0,89.7191879768902,3.5887675190756076,63.222237561935366,101.1555800990966,2.5772117180846417,0.8971918797689019,0.6443029295211604,64.43029295211605,5.2755,79.10000000000001,65.75,187.49402816497664
72.25,4.0,89.70178700923977,3.588071480369591,63.41753707810403,101.46805932496646,2.5733908871199267,0.8970178700923978,0.6433477217799817,64.33477217799816,5.28175,79.14999999999999,65.825,188.04725204169088
72.5,4.0,89.68484632009576,3.5873938528038303,63.612773266644524,101.78043722663125,2.5695894805375175,0.8968484632009576,0.6423973701343794,64.23973701343793,5.28775,79.2,65.9,188.60018885187358
72.75,4.0,89.66809242117534,3.5867236968470135,63.80809780516525,102.0929564882644,2.5657941319643696,0.8966809242117534,0.6414485329910923,64.14485329910923,5.29375,79.25,65.95,189.1528397336022
73.0,4.0,89.65118066961472,3.586047226784589,64.00324837803869,102.40519740486191,2.56199525273597,0.8965118066961472,0.6404988131839925,64.04988131839924,5.29975,79.3,66.025,189.70520581654768
73.25,4.0,89.63381519647287,3.5853526078589146,64.19840562650967,102.71744900241548,2.55817811783476,0.8963381519647287,0.63954452945869,63.954452945869,5.306,79.35,66.07499999999999,190.25728822206557
73.5,4.0,89.61690066605756,3.5846760266423026,64.39345594290909,103.02952950865455,2.5543807315557574,0.8961690066605756,0.6385951828889394,63.85951828889394,5.312,79.4,66.14999999999999,190.80908806328486
73.75,4.0,89.60085644685071,3.5840342578740283,64.58878805836517,103.34206089338427,2.5506136489401854,0.8960085644685071,0.6376534122350463,63.765341223504635,5.31775,79.425,66.225,191.3606064451965
74.0,4.0,89.58349097370886,3.5833396389483547,64.78380209999837,103.6540833599974,2.5467988053483803,0.8958349097370887,0.6366997013370951,63.669970133709505,5.324,79.475,66.27499999999999,191.91184446473997
74.25,4.0,89.56728699577255,3.5826914798309017,64.97885212323894,103.9661633971823,2.5430298458590785,0.8956728699577254,0.6357574614647696,63.575746146476966,5.32975,79.525,66.35,192.46280321088915
74.5,4.0,89.54992152263071,3.581996860905228,65.17377181189731,104.2780348990357,2.539216511914871,0.895499215226307,0.6348041279787178,63.48041279787178,5.336,79.57499999999999,66.4,193.01348376473672
74.75,4.0,89.53364885567915,3.5813459542271655,65.3686695531945,104.5898712851112,2.5354472413760534,0.8953364885567914,0.6338618103440133,63.38618103440133,5.34175,79.625,66.475,193.56388719957764
75.0,4.0,89.51773204436452,3.5807092817745807,65.56387683807066,104.90220294091304,2.53168725236545,0.8951773204436452,0.6329218130913625,63.292181309136254,5.3475,79.65,66.525,194.11401458099067
75.25,4.0,89.50088277413415,3.580035310965366,65.75863761510419,105.2138201841667,2.5278971091236992,0.8950088277413415,0.6319742772809248,63.19742772809248,5.3535,79.7,66.60000000000001,194.66386696692018
75.5,4.0,89.4849206071967,3.5793968242878687,65.95360866423918,105.5257738627827,2.5241390856600416,0.894849206071967,0.6310347714150103,63.10347714150103,5.35925,79.75,66.64999999999999,195.21344540775544
75.75,4.0,89.46736699217234,3.578694679686894,66.14815728700124,105.83705165920199,2.520324163094874,0.8946736699217235,0.6300810407737185,63.008104077371854,5.3655,79.80000000000001,66.725,195.76275094640968
76.0,4.0,89.45212248906942,3.578084899562777,66.3432787084456,106.14924593351296,2.5165924402276474,0.8945212248906943,0.6291481100569118,62.914811005691185,5.371,79.825,66.77499999999999,196.3117846183977
76.25,4.0,89.43542503812002,3.5774170015248012,66.53796530822837,106.4607444931654,2.512809556593147,0.8943542503812003,0.6282023891482867,62.82023891482867,5.377,79.875,66.825,196.86054745191245
76.5,4.0,89.41986014479279,3.576794405791712,66.7326782505761,106.77228520092176,2.5090715537824946,0.894198601447928,0.6272678884456235,62.72678884456235,5.3825,79.925,66.9,197.4090404679008
76.75,4.0,89.40249467165093,3.576099786866037,66.92718312407715,107.08349299852344,2.5052648568808027,0.8940249467165092,0.6263162142202007,62.63162142202007,5.38875,79.975,66.95,197.95726468013802
77.0,4.0,89.38709406324779,3.5754837625299114,67.12200510780575,107.3952081724892,2.5015316808050194,0.8938709406324779,0.6253829202012549,62.53829202012548,5.39425,80.0,67.025,198.50522109530124
77.25,4.0,89.37162111240016,3.5748648444960063,67.31665424103319,107.7066467856531,2.497798376639475,0.8937162111240016,0.6244495941598688,62.44495941598688,5.39975,80.05,67.07499999999999,199.0529107130422
77.5,4.0,89.35553018591158,3.5742212074364628,67.51114953574529,108.01783925719246,2.494042814864538,0.8935553018591157,0.6235107037161345,62.351070371613446,5.4055,80.10000000000001,67.15,199.6003345260589
77.75,4.0,89.33958721586822,3.573583488634729,67.70584907644152,108.32935852230645,2.4902899034116643,0.8933958721586822,0.6225724758529161,62.25724758529161,5.41125,80.125,67.2,200.14749352016597
78.0,4.0,89.32286082733545,3.572914433093418,67.90020973106466,108.64033556970347,2.486511077396383,0.8932286082733545,0.6216277693490958,62.16277693490958,5.41725,80.175,67.25,200.69438867436452
78.25,4.0,89.30805537511431,3.5723222150045726,68.09474749455222,108.95159599128355,2.4828062550917367,0.8930805537511431,0.6207015637729342,62.070156377293415,5.4225,80.22500000000001,67.325,201.24102096091116
78.5,4.0,89.29222545651866,3.5716890182607473,68.28935653268807,109.26297045230092,2.479059313737738,0.8929222545651868,0.6197648284344345,61.97648284344345,5.42825,80.25,67.375,201.78739134538523
78.75,4.0,89.27669605770002,3.5710678423080013,68.48371975008081,109.5739516001293,2.475328326306708,0.8927669605770002,0.618832081576677,61.8832081576677,5.43375,80.30000000000001,67.425,202.33350078675662
79.0,4.0,89.259963112242,3.5703985244896805,68.67786442739556,109.88458308383291,2.4715526936513514,0.8925996311224201,0.6178881734128379,61.78881734128379,5.43975,80.35,67.5,202.87935023745098
79.25,4.0,89.24600130455187,3.5698400521820752,68.87257768443094,110.1961242950895,2.46787880923118,0.8924600130455188,0.616969702307795,61.6969702307795,5.44475,80.375,67.55,203.42494064341565
79.5,4.0,89.2300985199458,3.569203940797832,69.06686005815124,110.50697609304198,2.464134179867412,0.892300985199458,0.616033544966853,61.603354496685306,5.4505,80.425,67.60000000000001,203.97027294418368
79.75,4.0,89.2137983426066,3.5685519337042644,69.26085140193054,110.81736224308885,2.4603783112733755,0.8921379834260661,0.6150945778183439,61.509457781834385,5.45625,80.475,67.675,204.51534807293717
80.0,4.0,89.19922496069502,3.5679689984278005,69.4553643106414,111.12858289702625,2.456683169457538,0.8919922496069501,0.6141707923643845,61.417079236438454,5.4615,80.5,67.72500000000001,205.06016695657058
80.25,4.0,89.18323528336994,3.5673294113347973,69.64948267020921,111.43917227233474,2.4529376886114496,0.8918323528336992,0.6132344221528624,61.32344221528624,5.46725,80.55,67.77499999999999,205.60473051575184
80.5,4.0,89.16766108335882,3.5667064433343527,69.84346039566212,111.74953663305939,2.4492110770037585,0.8916766108335882,0.6123027692509396,61.23027692509396,5.47275,80.60000000000001,67.85,206.14903966498406
80.75,4.0,89.15323899716222,3.5661295598864893,70.03793075144499,112.060689202312,2.445522667863369,0.8915323899716222,0.6113806669658423,61.138066696584225,5.478,80.625,67.9,206.69309531266546
81.0,4.0,89.13645893951309,3.5654583575805234,70.23175662975453,112.37081060760725,2.441750251504451,0.8913645893951309,0.6104375628761127,61.043756287611274,5.484,80.675,67.95,207.23689836114923
81.25,4.0,89.12389733902846,3.5649558935611383,70.42635616007786,112.68216985612457,2.438134194999893,0.8912389733902846,0.6095335487499732,60.95335487499732,5.4885,80.7,68.0,207.7804497068017
81.5,4.0,89.10646265330539,3.5642585061322154,70.6199513837883,112.99192221406129,2.4343392839916023,0.8910646265330538,0.6085848209979006,60.85848209979006,5.49475,80.75,68.075,208.32375024006126
81.75,4.0,89.09177034209253,3.563670813683701,70.81411222094698,113.30257955351516,2.4306450181485495,0.8909177034209252,0.6076612545371374,60.76612545371374,5.5,80.77499999999999,68.125,208.8668008454947
82.0,4.0,89.07653557967889,3.5630614231871562,71.00806155752849,113.61289849204559,2.4269324382667006,0.8907653557967891,0.6067331095666751,60.673310956667514,5.5055,80.825,68.175,209.4096024018542
82.25,4.0,89.06173668438296,3.5624694673753186,71.20195584647529,113.92312935436047,2.423238173831714,0.8906173668438295,0.6058095434579284,60.58095434579284,5.51075,80.875,68.22500000000001,209.9521557821332
82.5,4.0,89.04722595812738,3.5618890383250954,71.39609060010284,114.23374496016454,2.4195515887234498,0.8904722595812737,0.6048878971808624,60.488789718086245,5.516,80.9,68.27499999999999,210.4944618536215
82.75,4.0,89.03100989465253,3.5612403957861014,71.58960807482501,114.54337291972,2.4158066665889013,0.8903100989465254,0.6039516666472253,60.39516666472253,5.52175,80.95,68.35,211.03652147795952
83.0,4.0,89.01656164972724,3.5606624659890898,71.78369654426993,114.8539144708319,2.4121233212807707,0.8901656164972723,0.6030308303201927,60.303083032019266,5.527,80.975,68.4,211.5783355111922
83.25,4.0,89.0031629616368,3.5601265184654722,71.97765452605863,115.16424724169381,2.408484046048534,0.8900316296163681,0.6021210115121335,60.212101151213346,5.53175,81.025,68.45,212.11990480382204
83.5,4.0,88.98797665384488,3.5595190661537957,72.17151045429254,115.47441672686807,2.4047748988851145,0.8898797665384489,0.6011937247212786,60.119372472127864,5.53725,81.05,68.5,212.66123020086155
83.75,4.0,88.97262883998354,3.5589051535993415,72.36513074028682,115.78420918445892,2.401063061754752,0.8897262883998353,0.600265765438688,60.026576543868806,5.54275,81.10000000000001,68.55,213.20231254188508
84.0,4.0,88.9587800837411,3.5583512033496447,72.55909137122505,116.09454619396008,2.3974057414100436,0.8895878008374112,0.5993514353525109,59.935143535251086,5.54775,81.125,68.60000000000001,213.74315266107956
84.25,4.0,88.94327163838489,3.557730865535396,72.75250110046174,116.4040017607388,2.393690847928008,0.889432716383849,0.598422711982002,59.8422711982002,5.55325,81.175,68.675,214.28375138729558
84.5,4.0,88.92863870950339,3.5571455483801353,72.9462386912207,116.71398190595312,2.3900057293206043,0.8892863870950338,0.5975014323301511,59.75014323301511,5.5585,81.2,68.72500000000001,214.82410954409673
84.75,4.0,88.91407506828112,3.5565630027312443,73.13984100601726,117.02374560962762,2.386325546634968,0.8891407506828111,0.596581386658742,59.658138665874205,5.56375,81.25,68.77499999999999,215.3642279498093
85.0,4.0,88.89944213939962,3.555977685575985,73.33349887922442,117.33359820675908,2.3826417035083938,0.8889944213939961,0.5956604258770984,59.566042587709845,5.569,81.27499999999999,68.825,215.90410741757066
85.25,4.0,88.88540746569902,3.5554162986279607,73.52706550984733,117.64330481575574,2.3789832504704034,0.8888540746569902,0.5947458126176008,59.474581261760086,5.574,81.325,68.875,216.44374875537733
85.5,4.0,88.87089673944347,3.554835869577739,73.72071646754515,117.95314634807224,2.3753044060970168,0.8887089673944347,0.5938261015242542,59.38261015242542,5.57925,81.35,68.925,216.98315276613266
85.75,4.0,88.85621089559524,3.55424843582381,73.91408834168499,118.26254134669598,2.37162302235685,0.8885621089559524,0.5929057555892125,59.290575558921255,5.5845,81.39999999999999,68.975,217.52232024769324
86.0,4.0,88.84231174356113,3.553692469742445,74.10773158377663,118.5723705340426,2.367968764402019,0.8884231174356112,0.5919921911005047,59.19921911005047,5.5895,81.425,69.025,218.0612519929162
86.25,4.0,88.82843682858997,3.5531374731435994,74.30132848036298,118.88212556858078,2.364316217457792,0.8882843682858999,0.591079054364448,59.107905436444796,5.5945,81.45,69.075,218.5999487897038
86.5,4.0,88.8123154573534,3.5524926182941363,74.49431008127708,119.19089613004333,2.360583656993703,0.8881231545735341,0.5901459142484258,59.01459142484258,5.60025,81.5,69.15,219.1384114210496
86.75,4.0,88.7992047639776,3.5519681905591045,74.68798728598371,119.50077965757394,2.356960393983365,0.8879920476397761,0.5892400984958412,58.924009849584124,5.605,81.525,69.19999999999999,219.67664066508257
87.0,4.0,88.7843433873514,3.5513737354940558,74.88108652053974,119.80973843286358,2.3532763511654204,0.8878434338735139,0.5883190877913551,58.83190877913551,5.61025,81.575,69.25,220.21463729511134
87.25,4.0,88.77187320578042,3.5508749282312166,75.07476869489422,120.11962991183076,2.3496786291129093,0.8877187320578042,0.5874196572782273,58.74196572782273,5.61475,81.6,69.3,220.75240207966837
87.5,4.0,88.75591103884297,3.550236441553719,75.26772358657318,120.42835773851711,2.345952864168548,0.8875591103884297,0.586488216042137,58.648821604213694,5.6205,81.65,69.35,221.28993578255222
87.75,4.0,88.74267663567664,3.5497070654270657,75.46117110476213,120.73787376761942,2.3423283277508715,0.8874267663567664,0.5855820819377179,58.55820819377179,5.62525,81.675,69.39999999999999,221.8272391628705
88.0,4.0,88.72947904958183,3.5491791619832727,75.65462150775306,121.04739441240491,2.3387052178592236,0.8872947904958182,0.5846763044648059,58.46763044648059,5.63,81.69999999999999,69.45,222.3643129750823
88.25,4.0,88.7142442871682,3.548569771486728,75.84757929747255,121.35612687595608,2.335008502727167,0.887142442871682,0.5837521256817918,58.37521256817918,5.6355,81.75,69.5,222.9011579690392
88.5,4.0,88.70174516801382,3.5480698067205525,76.04105984790685,121.66569575665096,2.331412849154043,0.8870174516801381,0.5828532122885107,58.285321228851075,5.64,81.77499999999999,69.55,223.43777489002693
88.75,4.0,88.68772087899343,3.547508835159737,76.23420286660227,121.97472458656364,2.327761589294101,0.8868772087899343,0.5819403973235252,58.19403973235252,5.645,81.8,69.6,223.97416447880522
89.0,4.0,88.67313401340276,3.54692536053611,76.42714734209842,122.2834357473575,2.3240910030625352,0.8867313401340275,0.5810227507656338,58.10227507656338,5.65025,81.85,69.65,224.5103274716489
89.25,4.0,88.66001903400769,3.5464007613603075,76.62043649205651,122.59269838729043,2.3204737774874036,0.8866001903400769,0.5801184443718509,58.01184443718509,5.655,81.875,69.69999999999999,225.04626460038696
89.5,4.0,88.64585612432192,3.5458342449728772,76.81326291647657,122.90122066636252,2.316822038309252,0.8864585612432193,0.579205509577313,57.9205509577313,5.66,81.925,69.75,225.58197659244206
89.75,4.0,88.63201945361806,3.5452807781447224,77.00637080945424,123.21019329512679,2.3131788451934545,0.8863201945361805,0.5782947112983636,57.829471129836364,5.665,81.95,69.8,226.1174641708688
90.0,4.0,88.618846278912,3.54475385115648,77.19952057009506,123.5192329121521,2.309561522034959,0.8861884627891199,0.5773903805087396,57.73903805087396,5.66975,81.975,69.85,226.65272805439267
90.25,4.0,88.60551007215182,3.544220402886072,77.39242995422293,123.8278879267567,2.3059415236185052,0.886055100721518,0.5764853809046263,57.64853809046263,5.6745,82.025,69.89999999999999,227.1877689574477
90.5,4.0,88.59099178655234,3.543639671462094,77.58529627211472,124.13647403538356,2.3022749311082586,0.8859099178655235,0.5755687327770647,57.556873277706465,5.67975,82.05,69.95,227.7225875902136
90.75,4.0,88.57781861184628,3.5431127444738517,77.77833578045147,124.44533724872235,2.298659371986628,0.8857781861184629,0.574664842996657,57.4664842996657,5.6845,82.075,70.0,228.25718465865333
91.0,4.0,88.56458365424962,3.5425833461699847,77.97123885209022,124.75398216334438,2.2950435245365415,0.8856458365424962,0.5737608811341354,57.37608811341354,5.68925,82.125,70.025,228.79156086454907
91.25,4.0,88.55211347267863,3.5420845389071456,78.16432348329836,125.0629175732774,2.2914553631743715,0.8855211347267864,0.5728638407935929,57.28638407935929,5.69375,82.15,70.075,229.32571690553888
91.5,4.0,88.53955187219398,3.54158207488776,78.3573247601424,125.37171961622785,2.2878648787254816,0.88539551872194,0.5719662196813704,57.19662196813704,5.69825,82.175,70.125,229.85965347515238
91.75,4.0,88.52355598718393,3.540942239487357,78.54961679074961,125.67938686519938,2.284148370835363,0.8852355598718392,0.5710370927088407,57.103709270884075,5.704,82.22500000000001,70.175,230.3933712628457
92.0,4.0,88.51108580561292,3.540443432224517,78.74259302997416,125.98814884795866,2.2805619437449303,0.8851108580561291,0.5701404859362326,57.01404859362326,5.7085,82.25,70.22500000000001,230.92687095403681
92.25,4.0,88.49785618293583,3.5399142473174336,78.93539533781946,126.29663254051114,2.2769479219123223,0.8849785618293583,0.5692369804780806,56.92369804780806,5.71325,82.27499999999999,70.275,231.46015323014012
92.5,4.0,88.48448953142768,3.539379581257108,79.1279634759146,126.60474156146336,2.2733321656424743,0.8848448953142769,0.5683330414106186,56.83330414106186,5.718,82.325,70.325,231.99321876860068
92.75,4.0,88.47140777563527,3.5388563110254108,79.32076160882971,126.91321857412754,2.2697241252841356,0.8847140777563527,0.5674310313210339,56.74310313210339,5.72275,82.35,70.375,232.5260682429275
93.0,4.0,88.45682851587013,3.5382731406348054,79.51323513456992,127.22117621531189,2.2660613784816865,0.8845682851587013,0.5665153446204216,56.651534462042164,5.728,82.375,70.42500000000001,233.05870232272724
93.25,4.0,88.44429895196777,3.537771958078711,79.7060069865599,127.52961117849584,2.262475846293752,0.8844429895196777,0.565618961573438,56.5618961573438,5.7325,82.39999999999999,70.475,233.5911216737377
93.5,4.0,88.43243048350399,3.5372972193401604,79.89874872724795,127.83799796359673,2.2589172397041932,0.8843243048350401,0.5647293099260483,56.47293099260483,5.73675,82.45,70.5,234.12332695785963
93.75,4.0,88.41934872771158,3.5367739491084635,80.09140552850182,128.1462488456029,2.2553114606524343,0.8841934872771158,0.5638278651631086,56.38278651631086,5.7415,82.475,70.55,234.65531883318994
94.0,4.0,88.40542063809407,3.5362168255237627,80.28385407318655,128.45416651709849,2.251675160352778,0.8840542063809407,0.5629187900881945,56.29187900881944,5.7465,82.5,70.6,235.18709795405277
94.25,4.0,88.39358954113213,3.535743581645286,80.47659149846666,128.76254639754666,2.248118117669819,0.8839358954113213,0.5620295294174548,56.20295294174548,5.75075,82.525,70.65,235.71866497103161
94.5,4.0,88.38028227195535,3.535211290878214,80.66890413530186,129.070246616483,2.244508824713384,0.8838028227195535,0.561127206178346,56.1127206178346,5.7555,82.575,70.7,236.25002053100056
94.75,4.0,88.36573504877249,3.5346294019509,80.8611532684291,129.37784522948658,2.2408509496560343,0.883657350487725,0.5602127374140086,56.021273741400854,5.76075,82.6,70.75,236.78116527715525
95.0,4.0,88.35336159017037,3.5341344636068146,81.05379836307273,129.68607738091637,2.237273689797651,0.8835336159017037,0.5593184224494128,55.93184224494128,5.76525,82.625,70.775,237.3120998490429
95.25,4.0,88.34153049320844,3.533661219728338,81.24639721258872,129.99423554014194,2.2337188643269186,0.8834153049320845,0.5584297160817296,55.84297160817297,5.7695,82.65,70.825,237.84282488259336
95.5,4.0,88.32886230864071,3.5331544923456284,81.43865140161205,130.30184224257928,2.2301360699198356,0.8832886230864071,0.5575340174799589,55.75340174799589,5.774,82.69999999999999,70.875,238.37334101014824
95.75,4.0,88.31502563793686,3.532601025517474,81.63090507164782,130.6094481146365,2.2265065443711087,0.8831502563793685,0.5566266360927772,55.662663609277715,5.779,82.72500000000001,70.92500000000001,238.90364886049107
96.0,4.0,88.30246403745222,3.5320985614980893,81.82327433541374,130.917238936662,2.2229261721314693,0.8830246403745223,0.5557315430328673,55.57315430328673,5.7835,82.75,70.975,239.43374905887615
96.25,4.0,88.29143265659422,3.531657306263769,82.01594601842397,131.22551362947837,2.2194021699689856,0.8829143265659423,0.5548505424922464,55.48505424922464,5.7875,82.775,71.0,239.96364222705805
96.5,4.0,88.27745443086464,3.5310981772345857,82.20788715695457,131.53261945112732,2.2157719827233127,0.8827745443086464,0.5539429956808282,55.394299568082815,5.7925,82.825,71.05,240.4933289833194
96.75,4.0,88.2637308116085,3.5305492324643404,82.4000470742372,131.84007531877953,2.212148479276545,0.8826373081160851,0.5530371198191363,55.30371198191363,5.7975,82.85,71.1,241.02280994250003
97.0,4.0,88.25189971464657,3.530075988585862,82.59240776069163,132.1478524171066,2.2085974644147965,0.8825189971464655,0.5521493661036991,55.21493661036991,5.80175,82.875,71.15,241.5520857160244
97.25,4.0,88.23933811416194,3.5295735245664774,82.78460806260303,132.45537290016486,2.205019795564829,0.8823933811416194,0.5512549488912073,55.12549488912073,5.80625,82.89999999999999,71.2,242.08115691192967
97.5,4.0,88.22830673330394,3.529132269332157,82.97711127480757,132.76337803969213,2.2014984889352363,0.8822830673330393,0.550374622233809,55.03746222338089,5.81025,82.92500000000001,71.22500000000001,242.61002413489322
97.75,4.0,88.21427205960335,3.528570882384134,83.16886442707639,133.07018308332223,2.197869051550912,0.8821427205960335,0.549467262887728,54.946726288772794,5.81525,82.975,71.275,243.13868798625927
98.0,4.0,88.20119030381093,3.528047612152437,83.3609408927625,133.37750542842,2.194272557868237,0.8820119030381093,0.5485681394670593,54.85681394670593,5.82,83.0,71.325,243.6671490640661
98.25,4.0,88.19015892295295,3.5276063569181177,83.55334430940242,133.68535089504388,2.190752847967679,0.8819015892295294,0.5476882119919197,54.768821199191976,5.824,83.025,71.35000000000001,244.19540796307254
98.5,4.0,88.17832782599102,3.5271331130396413,83.74550511276836,133.99280818042936,2.1872050312353473,0.8817832782599103,0.5468012578088368,54.680125780883685,5.82825,83.05,71.39999999999999,244.72346527478467
98.75,4.0,88.16576622550639,3.5266306490202557,83.93750616367501,134.30000986188003,2.183630550401455,0.8816576622550639,0.5459076376003638,54.590763760036374,5.83275,83.075,71.45,245.2513215874808
99.0,4.0,88.15256863941158,3.5261027455764635,84.12940436721377,134.60704698754202,2.180032275701043,0.8815256863941159,0.5450080689252608,54.50080689252608,5.8375,83.1,71.5,245.77897748623815
99.25,4.0,88.14070017094778,3.5256280068379118,84.32136593676684,134.91418549882695,2.1764861518496423,0.8814070017094778,0.5441215379624106,54.41215379624106,5.84175,83.15,71.525,246.30643355295797
99.5,4.0,88.12822998937679,3.5251291995750713,84.51331588995056,135.2213054239209,2.1729161453358623,0.8812822998937678,0.5432290363339656,54.32290363339656,5.84625,83.175,71.575,246.8336903663906
99.75,4.0,88.11639889241486,3.5246559556965944,84.70531301029752,135.52850081647603,2.1693709475318337,0.8811639889241485,0.5423427368829584,54.23427368829584,5.8505,83.2,71.625,247.36074850216067
100.0,4.0,88.10536751155686,3.5242147004622746,84.89748729544146,135.83597967270634,2.1658549037352115,0.8810536751155686,0.5414637259338029,54.146372593380285,5.8545,83.22500000000001,71.65,247.88760853279163
