AUM_USD_bn,Half_life_days,Day,Remaining_alpha_pct,Remaining_alpha_pct_times_AUM
3.4,5,0,100,100
3.4,10,0,100,100
3.4,20,0,100,100
3.4,5,1,87.05505632961241,87.05505632961241
3.4,10,1,93.30329915368074,93.30329915368074
3.4,20,1,96.59363289248456,96.59363289248456
3.4,5,2,75.7858283255199,75.7858283255199
3.4,10,2,87.05505632961241,87.05505632961241
3.4,20,2,93.30329915368074,93.30329915368074
3.4,5,3,65.9753955386447,65.9753955386447
3.4,10,3,81.22523963562355,81.22523963562355
3.4,20,3,90.12504626108301,90.12504626108301
3.4,5,4,57.43491774985174,57.43491774985174
3.4,10,4,75.7858283255199,75.7858283255199
3.4,20,4,87.05505632961241,87.05505632961241
3.4,5,5,50,50
3.4,10,5,70.71067811865476,70.71067811865476
3.4,20,5,84.08964152537145,84.08964152537145
3.4,5,6,43.527528164806206,43.527528164806206
3.4,10,6,65.9753955386447,65.9753955386447
3.4,20,6,81.22523963562355,81.22523963562355
3.4,5,7,37.89291416275996,37.89291416275996
3.4,10,7,61.557220667245815,61.557220667245815
3.4,20,7,78.45840978967507,78.45840978967507
3.4,5,8,32.98769776932235,32.98769776932235
3.4,10,8,57.43491774985174,57.43491774985174
3.4,20,8,75.7858283255199,75.7858283255199
3.4,5,9,28.71745887492587,28.71745887492587
3.4,10,9,53.588673126814655,53.58867312681465
3.4,20,9,73.20428479728128,73.20428479728128
3.4,5,10,25,25
3.4,10,10,50,50
3.4,20,10,70.71067811865476,70.71067811865476
3.4,5,11,21.7637640824031,21.7637640824031
3.4,10,11,46.65164957684037,46.65164957684037
3.4,20,11,68.30201283771977,68.30201283771977
3.4,5,12,18.94645708137998,18.94645708137998
3.4,10,12,43.527528164806206,43.527528164806206
3.4,20,12,65.9753955386447,65.9753955386447
3.4,5,13,16.493848884661176,16.493848884661176
3.4,10,13,40.612619817811776,40.612619817811776
3.4,20,13,63.72803136596311,63.72803136596311
3.4,5,14,14.358729437462939,14.358729437462939
3.4,10,14,37.89291416275996,37.89291416275996
3.4,20,14,61.557220667245815,61.557220667245815
3.4,5,15,12.5,12.5
3.4,10,15,35.35533905932738,35.35533905932738
3.4,20,15,59.46035575013605,59.46035575013605
3.4,5,16,10.88188204120155,10.88188204120155
3.4,10,16,32.98769776932235,32.98769776932235
3.4,20,16,57.43491774985174,57.43491774985174
3.4,5,17,9.47322854068999,9.47322854068999
3.4,10,17,30.778610333622908,30.778610333622908
3.4,20,17,55.47847360339225,55.478473603392246
3.4,5,18,8.246924442330588,8.246924442330588
3.4,10,18,28.71745887492587,28.71745887492587
3.4,20,18,53.588673126814655,53.58867312681465
3.4,5,19,7.1793647187314695,7.1793647187314695
3.4,10,19,26.794336563407327,26.794336563407324
3.4,20,19,51.76324619206888,51.76324619206888
3.4,5,20,6.25,6.25
3.4,10,20,25,25
3.4,20,20,50,50
3.4,5,21,5.440941020600775,5.440941020600775
3.4,10,21,23.325824788420185,23.325824788420185
3.4,20,21,48.296816446242275,48.29681644624227
3.4,5,22,4.736614270344993,4.736614270344993
3.4,10,22,21.7637640824031,21.7637640824031
3.4,20,22,46.65164957684037,46.65164957684037
3.4,5,23,4.123462221165296,4.123462221165296
3.4,10,23,20.306309908905888,20.306309908905888
3.4,20,23,45.062523130541514,45.062523130541514
3.4,5,24,3.5896823593657348,3.5896823593657348
3.4,10,24,18.94645708137998,18.94645708137998
3.4,20,24,43.527528164806206,43.527528164806206
3.4,5,25,3.125,3.125
3.4,10,25,17.67766952966369,17.67766952966369
3.4,20,25,42.044820762685724,42.044820762685724
3.4,5,26,2.7204705103003874,2.7204705103003874
3.4,10,26,16.493848884661176,16.493848884661176
3.4,20,26,40.612619817811776,40.612619817811776
3.4,5,27,2.3683071351724965,2.3683071351724965
3.4,10,27,15.38930516681145,15.389305166811452
3.4,20,27,39.22920489483753,39.22920489483753
3.4,5,28,2.061731110582648,2.061731110582648
3.4,10,28,14.358729437462939,14.358729437462939
3.4,20,28,37.89291416275996,37.89291416275996
3.4,5,29,1.7948411796828674,1.7948411796828674
3.4,10,29,13.397168281703664,13.397168281703662
3.4,20,29,36.60214239864064,36.60214239864064
3.4,5,30,1.5625,1.5625
3.4,10,30,12.5,12.5
3.4,20,30,35.35533905932738,35.35533905932738
3.4,5,31,1.3602352551501937,1.3602352551501937
3.4,10,31,11.662912394210093,11.662912394210093
3.4,20,31,34.151006418859886,34.151006418859886
3.4,5,32,1.1841535675862482,1.1841535675862482
3.4,10,32,10.88188204120155,10.88188204120155
3.4,20,32,32.98769776932235,32.98769776932235
3.4,5,33,1.030865555291324,1.030865555291324
3.4,10,33,10.153154954452944,10.153154954452944
3.4,20,33,31.864015682981556,31.864015682981556
3.4,5,34,0.8974205898414337,0.8974205898414337
3.4,10,34,9.47322854068999,9.47322854068999
3.4,20,34,30.778610333622908,30.778610333622908
3.4,5,35,0.78125,0.78125
3.4,10,35,8.838834764831844,8.838834764831844
3.4,20,35,29.730177875068026,29.730177875068026
3.4,5,36,0.6801176275750969,0.6801176275750969
3.4,10,36,8.246924442330588,8.246924442330588
3.4,20,36,28.71745887492587,28.71745887492587
3.4,5,37,0.5920767837931241,0.5920767837931241
3.4,10,37,7.694652583405725,7.694652583405726
3.4,20,37,27.739236801696123,27.739236801696123
3.4,5,38,0.515432777645662,0.515432777645662
3.4,10,38,7.1793647187314695,7.1793647187314695
3.4,20,38,26.794336563407327,26.794336563407324
3.4,5,39,0.44871029492071685,0.44871029492071685
3.4,10,39,6.698584140851832,6.698584140851831
3.4,20,39,25.88162309603444,25.88162309603444
3.4,5,40,0.390625,0.390625
3.4,10,40,6.25,6.25
3.4,20,40,25,25
3.4,5,41,0.34005881378754865,0.34005881378754865
3.4,10,41,5.831456197105048,5.831456197105047
3.4,20,41,24.148408223121145,24.148408223121145
3.4,5,42,0.29603839189656206,0.29603839189656206
3.4,10,42,5.440941020600775,5.440941020600775
3.4,20,42,23.325824788420185,23.325824788420185
3.4,5,43,0.257716388822831,0.257716388822831
3.4,10,43,5.076577477226472,5.076577477226472
3.4,20,43,22.531261565270757,22.531261565270757
3.4,5,44,0.22435514746035828,0.22435514746035828
3.4,10,44,4.736614270344993,4.736614270344993
3.4,20,44,21.7637640824031,21.7637640824031
3.4,5,45,0.1953125,0.1953125
3.4,10,45,4.419417382415922,4.419417382415922
3.4,20,45,21.022410381342862,21.022410381342862
3.4,5,46,0.17002940689377433,0.17002940689377433
3.4,10,46,4.123462221165296,4.123462221165296
3.4,20,46,20.306309908905888,20.306309908905888
3.4,5,47,0.14801919594828103,0.14801919594828103
3.4,10,47,3.8473262917028626,3.847326291702863
3.4,20,47,19.614602447418765,19.614602447418765
3.4,5,48,0.1288581944114155,0.1288581944114155
3.4,10,48,3.5896823593657348,3.5896823593657348
3.4,20,48,18.94645708137998,18.94645708137998
3.4,5,49,0.11217757373017914,0.11217757373017914
3.4,10,49,3.3492920704259155,3.3492920704259155
3.4,20,49,18.301071199320315,18.301071199320315
3.4,5,50,0.09765625,0.09765625
3.4,10,50,3.125,3.125
3.4,20,50,17.67766952966369,17.67766952966369
3.4,5,51,0.08501470344688716,0.08501470344688716
3.4,10,51,2.915728098552524,2.9157280985525236
3.4,20,51,17.075503209429947,17.075503209429947
3.4,5,52,0.07400959797414051,0.07400959797414051
3.4,10,52,2.7204705103003874,2.7204705103003874
3.4,20,52,16.493848884661176,16.493848884661176
3.4,5,53,0.06442909720570775,0.06442909720570775
3.4,10,53,2.538288738613236,2.538288738613236
3.4,20,53,15.932007841490778,15.932007841490778
3.4,5,54,0.05608878686508957,0.05608878686508957
3.4,10,54,2.3683071351724965,2.3683071351724965
3.4,20,54,15.38930516681145,15.389305166811452
3.4,5,55,0.048828125,0.048828125
3.4,10,55,2.209708691207961,2.209708691207961
3.4,20,55,14.865088937534013,14.865088937534013
3.4,5,56,0.04250735172344358,0.04250735172344358
3.4,10,56,2.061731110582648,2.061731110582648
3.4,20,56,14.358729437462939,14.358729437462939
3.4,5,57,0.03700479898707026,0.03700479898707026
3.4,10,57,1.9236631458514313,1.9236631458514315
3.4,20,57,13.869618400848061,13.869618400848061
3.4,5,58,0.032214548602853874,0.032214548602853874
3.4,10,58,1.7948411796828674,1.7948411796828674
3.4,20,58,13.397168281703664,13.397168281703662
3.4,5,59,0.028044393432544786,0.028044393432544786
3.4,10,59,1.6746460352129577,1.6746460352129577
3.4,20,59,12.940811548017217,12.940811548017216
3.4,5,60,0.0244140625,0.0244140625
3.4,10,60,1.5625,1.5625
3.4,20,60,12.5,12.5
3.4,5,61,0.02125367586172179,0.02125367586172179
3.4,10,61,1.457864049276262,1.4578640492762618
3.4,20,61,12.074204111560572,12.074204111560572
3.4,5,62,0.01850239949353513,0.01850239949353513
3.4,10,62,1.3602352551501937,1.3602352551501937
3.4,20,62,11.662912394210093,11.662912394210093
3.4,5,63,0.016107274301426937,0.016107274301426937
3.4,10,63,1.269144369306618,1.269144369306618
3.4,20,63,11.265630782635379,11.265630782635379
3.4,5,64,0.014022196716272393,0.014022196716272393
3.4,10,64,1.1841535675862482,1.1841535675862482
3.4,20,64,10.88188204120155,10.88188204120155
3.4,5,65,0.01220703125,0.01220703125
3.4,10,65,1.1048543456039805,1.1048543456039805
3.4,20,65,10.511205190671431,10.511205190671431
3.4,5,66,0.010626837930860895,0.010626837930860895
3.4,10,66,1.030865555291324,1.030865555291324
3.4,20,66,10.153154954452944,10.153154954452944
3.4,5,67,0.009251199746767564,0.009251199746767564
3.4,10,67,0.9618315729257156,0.9618315729257157
3.4,20,67,9.807301223709382,9.807301223709382
3.4,5,68,0.008053637150713468,0.008053637150713468
3.4,10,68,0.8974205898414337,0.8974205898414337
3.4,20,68,9.47322854068999,9.47322854068999
3.4,5,69,0.007011098358136196,0.007011098358136196
3.4,10,69,0.8373230176064789,0.8373230176064789
3.4,20,69,9.150535599660158,9.150535599660158
3.4,5,70,0.006103515625,0.006103515625
3.4,10,70,0.78125,0.78125
3.4,20,70,8.838834764831844,8.838834764831844
3.4,5,71,0.005313418965430448,0.005313418965430448
3.4,10,71,0.728932024638131,0.7289320246381309
3.4,20,71,8.537751604714973,8.537751604714973
3.4,5,72,0.004625599873383782,0.004625599873383782
3.4,10,72,0.6801176275750969,0.6801176275750969
3.4,20,72,8.246924442330588,8.246924442330588
3.4,5,73,0.004026818575356734,0.004026818575356734
3.4,10,73,0.634572184653309,0.634572184653309
3.4,20,73,7.966003920745389,7.966003920745389
3.4,5,74,0.003505549179068098,0.003505549179068098
3.4,10,74,0.5920767837931241,0.5920767837931241
3.4,20,74,7.694652583405725,7.694652583405726
3.4,5,75,0.0030517578125,0.0030517578125
3.4,10,75,0.5524271728019903,0.5524271728019903
3.4,20,75,7.432544468767007,7.432544468767007
3.4,5,76,0.002656709482715224,0.002656709482715224
3.4,10,76,0.515432777645662,0.515432777645662
3.4,20,76,7.1793647187314695,7.1793647187314695
3.4,5,77,0.002312799936691891,0.002312799936691891
3.4,10,77,0.4809157864628578,0.4809157864628579
3.4,20,77,6.934809200424031,6.934809200424031
3.4,5,78,0.002013409287678367,0.002013409287678367
3.4,10,78,0.44871029492071685,0.44871029492071685
3.4,20,78,6.698584140851832,6.698584140851831
3.4,5,79,0.001752774589534049,0.001752774589534049
3.4,10,79,0.41866150880323943,0.41866150880323943
3.4,20,79,6.470405774008609,6.470405774008608
3.4,5,80,0.00152587890625,0.00152587890625
3.4,10,80,0.390625,0.390625
3.4,20,80,6.25,6.25
3.4,5,81,0.001328354741357612,0.001328354741357612
3.4,10,81,0.3644660123190655,0.36446601231906545
3.4,20,81,6.037102055780286,6.037102055780286
3.4,5,82,0.0011563999683459468,0.0011563999683459468
3.4,10,82,0.34005881378754865,0.34005881378754865
3.4,20,82,5.831456197105048,5.831456197105047
3.4,5,83,0.0010067046438391822,0.0010067046438391822
3.4,10,83,0.31728609232665433,0.31728609232665433
3.4,20,83,5.6328153913176875,5.6328153913176875
3.4,5,84,0.0008763872947670245,0.0008763872947670245
3.4,10,84,0.29603839189656206,0.29603839189656206
3.4,20,84,5.440941020600775,5.440941020600775
3.4,5,85,0.000762939453125,0.000762939453125
3.4,10,85,0.27621358640099514,0.27621358640099514
3.4,20,85,5.2556025953357155,5.2556025953357155
3.4,5,86,0.000664177370678806,0.000664177370678806
3.4,10,86,0.257716388822831,0.257716388822831
3.4,20,86,5.076577477226472,5.076577477226472
3.4,5,87,0.0005781999841729734,0.0005781999841729734
3.4,10,87,0.2404578932314291,0.24045789323142908
3.4,20,87,4.903650611854693,4.903650611854693
3.4,5,88,0.0005033523219195911,0.0005033523219195911
3.4,10,88,0.22435514746035828,0.22435514746035828
3.4,20,88,4.736614270344993,4.736614270344993
3.4,5,89,0.0004381936473835123,0.0004381936473835123
3.4,10,89,0.20933075440161972,0.20933075440161972
3.4,20,89,4.575267799830079,4.575267799830079
3.4,5,90,0.0003814697265625,0.0003814697265625
3.4,10,90,0.1953125,0.1953125
3.4,20,90,4.419417382415922,4.419417382415922
3.4,5,91,0.000332088685339403,0.000332088685339403
3.4,10,91,0.18223300615953275,0.18223300615953272
3.4,20,91,4.268875802357487,4.268875802357487
3.4,5,92,0.0002890999920864867,0.0002890999920864867
3.4,10,92,0.17002940689377433,0.17002940689377433
3.4,20,92,4.123462221165296,4.123462221165296
3.4,5,93,0.00025167616095979556,0.00025167616095979556
3.4,10,93,0.15864304616332717,0.15864304616332717
3.4,20,93,3.983001960372693,3.983001960372693
3.4,5,94,0.00021909682369175614,0.00021909682369175614
3.4,10,94,0.14801919594828103,0.14801919594828103
3.4,20,94,3.8473262917028626,3.847326291702863
3.4,5,95,0.00019073486328125,0.00019073486328125
3.4,10,95,0.13810679320049757,0.13810679320049757
3.4,20,95,3.7162722343835033,3.7162722343835033
3.4,5,96,0.0001660443426697015,0.0001660443426697015
3.4,10,96,0.1288581944114155,0.1288581944114155
3.4,20,96,3.5896823593657348,3.5896823593657348
3.4,5,97,0.00014454999604324336,0.00014454999604324336
3.4,10,97,0.12022894661571455,0.12022894661571454
3.4,20,97,3.4674046002120167,3.4674046002120167
3.4,5,98,0.00012583808047989778,0.00012583808047989778
3.4,10,98,0.11217757373017914,0.11217757373017914
3.4,20,98,3.3492920704259155,3.3492920704259155
3.4,5,99,0.00010954841184587807,0.00010954841184587807
3.4,10,99,0.10466537720080986,0.10466537720080986
3.4,20,99,3.2352028870043044,3.235202887004304
3.4,5,100,0.000095367431640625,0.000095367431640625
3.4,10,100,0.09765625,0.09765625
3.4,20,100,3.125,3.125
3.4,5,101,0.00008302217133485075,0.00008302217133485075
3.4,10,101,0.09111650307976638,0.09111650307976636
3.4,20,101,3.018551027890143,3.018551027890143
3.4,5,102,0.00007227499802162168,0.00007227499802162168
3.4,10,102,0.08501470344688716,0.08501470344688716
3.4,20,102,2.915728098552524,2.9157280985525236
3.4,5,103,0.00006291904023994889,0.00006291904023994889
3.4,10,103,0.07932152308166358,0.07932152308166358
3.4,20,103,2.8164076956588437,2.8164076956588437
3.4,5,104,0.000054774205922939034,0.000054774205922939034
3.4,10,104,0.07400959797414051,0.07400959797414051
3.4,20,104,2.7204705103003874,2.7204705103003874
3.4,5,105,0.0000476837158203125,0.0000476837158203125
3.4,10,105,0.06905339660024878,0.06905339660024878
3.4,20,105,2.6278012976678577,2.6278012976678577
3.4,5,106,0.00004151108566742537,0.00004151108566742537
3.4,10,106,0.06442909720570775,0.06442909720570775
3.4,20,106,2.538288738613236,2.538288738613236
3.4,5,107,0.00003613749901081084,0.00003613749901081084
3.4,10,107,0.060114473307857276,0.06011447330785727
3.4,20,107,2.4518253059273465,2.4518253059273465
3.4,5,108,0.000031459520119974445,0.000031459520119974445
3.4,10,108,0.05608878686508957,0.05608878686508957
3.4,20,108,2.3683071351724965,2.3683071351724965
3.4,5,109,0.000027387102961469517,0.000027387102961469517
3.4,10,109,0.05233268860040493,0.05233268860040493
3.4,20,109,2.2876338999150394,2.2876338999150394
3.4,5,110,0.00002384185791015625,0.00002384185791015625
3.4,10,110,0.048828125,0.048828125
3.4,20,110,2.209708691207961,2.209708691207961
3.4,5,111,0.000020755542833712686,0.000020755542833712686
3.4,10,111,0.04555825153988319,0.04555825153988318
3.4,20,111,2.1344379011787433,2.1344379011787433
3.4,5,112,0.00001806874950540542,0.00001806874950540542
3.4,10,112,0.04250735172344358,0.04250735172344358
3.4,20,112,2.061731110582648,2.061731110582648
3.4,5,113,0.000015729760059987223,0.000015729760059987223
3.4,10,113,0.03966076154083179,0.03966076154083179
3.4,20,113,1.9915009801863466,1.9915009801863466
3.4,5,114,0.000013693551480734759,0.000013693551480734759
3.4,10,114,0.03700479898707026,0.03700479898707026
3.4,20,114,1.9236631458514313,1.9236631458514315
3.4,5,115,0.000011920928955078125,0.000011920928955078125
3.4,10,115,0.03452669830012439,0.03452669830012439
3.4,20,115,1.8581361171917516,1.8581361171917516
3.4,5,116,0.000010377771416856343,0.000010377771416856343
3.4,10,116,0.032214548602853874,0.032214548602853874
3.4,20,116,1.7948411796828674,1.7948411796828674
3.4,5,117,0.00000903437475270271,0.00000903437475270271
3.4,10,117,0.030057236653928638,0.030057236653928635
3.4,20,117,1.7337023001060083,1.7337023001060083
3.4,5,118,0.000007864880029993611,0.000007864880029993611
3.4,10,118,0.028044393432544786,0.028044393432544786
3.4,20,118,1.6746460352129577,1.6746460352129577
3.4,5,119,0.000006846775740367379,0.000006846775740367379
3.4,10,119,0.026166344300202465,0.026166344300202465
3.4,20,119,1.6176014435021522,1.617601443502152
3.4,5,120,0.0000059604644775390625,0.0000059604644775390625
3.4,10,120,0.0244140625,0.0244140625
3.4,20,120,1.5625,1.5625
3.4,5,121,0.000005188885708428172,0.000005188885708428172
3.4,10,121,0.022779125769941594,0.02277912576994159
3.4,20,121,1.5092755139450715,1.5092755139450715
3.4,5,122,0.000004517187376351355,0.000004517187376351355
3.4,10,122,0.02125367586172179,0.02125367586172179
3.4,20,122,1.457864049276262,1.4578640492762618
3.4,5,123,0.000003932440014996806,0.000003932440014996806
3.4,10,123,0.019830380770415896,0.019830380770415896
3.4,20,123,1.4082038478294219,1.4082038478294219
3.4,5,124,0.0000034233878701836896,0.0000034233878701836896
3.4,10,124,0.01850239949353513,0.01850239949353513
3.4,20,124,1.3602352551501937,1.3602352551501937
3.4,5,125,0.0000029802322387695312,0.0000029802322387695312
3.4,10,125,0.017263349150062196,0.017263349150062196
3.4,20,125,1.3139006488339289,1.3139006488339289
3.4,5,126,0.000002594442854214086,0.000002594442854214086
3.4,10,126,0.016107274301426937,0.016107274301426937
3.4,20,126,1.269144369306618,1.269144369306618
6.8,5,0,100,200
6.8,10,0,100,200
6.8,20,0,100,200
6.8,5,1,87.05505632961241,174.11011265922482
6.8,10,1,93.30329915368074,186.60659830736148
6.8,20,1,96.59363289248456,193.18726578496913
6.8,5,2,75.7858283255199,151.5716566510398
6.8,10,2,87.05505632961241,174.11011265922482
6.8,20,2,93.30329915368074,186.60659830736148
6.8,5,3,65.9753955386447,131.9507910772894
6.8,10,3,81.22523963562355,162.4504792712471
6.8,20,3,90.12504626108301,180.25009252216603
6.8,5,4,57.43491774985174,114.86983549970348
6.8,10,4,75.7858283255199,151.5716566510398
6.8,20,4,87.05505632961241,174.11011265922482
6.8,5,5,50,100
6.8,10,5,70.71067811865476,141.4213562373095
6.8,20,5,84.08964152537145,168.1792830507429
6.8,5,6,43.527528164806206,87.05505632961241
6.8,10,6,65.9753955386447,131.9507910772894
6.8,20,6,81.22523963562355,162.4504792712471
6.8,5,7,37.89291416275996,75.78582832551992
6.8,10,7,61.557220667245815,123.11444133449163
6.8,20,7,78.45840978967507,156.91681957935015
6.8,5,8,32.98769776932235,65.9753955386447
6.8,10,8,57.43491774985174,114.86983549970348
6.8,20,8,75.7858283255199,151.5716566510398
6.8,5,9,28.71745887492587,57.43491774985174
6.8,10,9,53.588673126814655,107.1773462536293
6.8,20,9,73.20428479728128,146.40856959456255
6.8,5,10,25,50
6.8,10,10,50,100
6.8,20,10,70.71067811865476,141.4213562373095
6.8,5,11,21.7637640824031,43.5275281648062
6.8,10,11,46.65164957684037,93.30329915368074
6.8,20,11,68.30201283771977,136.60402567543954
6.8,5,12,18.94645708137998,37.89291416275996
6.8,10,12,43.527528164806206,87.05505632961241
6.8,20,12,65.9753955386447,131.9507910772894
6.8,5,13,16.493848884661176,32.98769776932235
6.8,10,13,40.612619817811776,81.22523963562355
6.8,20,13,63.72803136596311,127.45606273192622
6.8,5,14,14.358729437462939,28.717458874925878
6.8,10,14,37.89291416275996,75.78582832551992
6.8,20,14,61.557220667245815,123.11444133449163
6.8,5,15,12.5,25
6.8,10,15,35.35533905932738,70.71067811865476
6.8,20,15,59.46035575013605,118.9207115002721
6.8,5,16,10.88188204120155,21.7637640824031
6.8,10,16,32.98769776932235,65.9753955386447
6.8,20,16,57.43491774985174,114.86983549970348
6.8,5,17,9.47322854068999,18.94645708137998
6.8,10,17,30.778610333622908,61.557220667245815
6.8,20,17,55.47847360339225,110.95694720678449
6.8,5,18,8.246924442330588,16.493848884661176
6.8,10,18,28.71745887492587,57.43491774985174
6.8,20,18,53.588673126814655,107.1773462536293
6.8,5,19,7.1793647187314695,14.358729437462939
6.8,10,19,26.794336563407327,53.58867312681465
6.8,20,19,51.76324619206888,103.52649238413775
6.8,5,20,6.25,12.5
6.8,10,20,25,50
6.8,20,20,50,100
6.8,5,21,5.440941020600775,10.88188204120155
6.8,10,21,23.325824788420185,46.65164957684037
6.8,20,21,48.296816446242275,96.59363289248454
6.8,5,22,4.736614270344993,9.473228540689986
6.8,10,22,21.7637640824031,43.5275281648062
6.8,20,22,46.65164957684037,93.30329915368074
6.8,5,23,4.123462221165296,8.246924442330592
6.8,10,23,20.306309908905888,40.612619817811776
6.8,20,23,45.062523130541514,90.12504626108303
6.8,5,24,3.5896823593657348,7.1793647187314695
6.8,10,24,18.94645708137998,37.89291416275996
6.8,20,24,43.527528164806206,87.05505632961241
6.8,5,25,3.125,6.25
6.8,10,25,17.67766952966369,35.35533905932738
6.8,20,25,42.044820762685724,84.08964152537145
6.8,5,26,2.7204705103003874,5.440941020600775
6.8,10,26,16.493848884661176,32.98769776932235
6.8,20,26,40.612619817811776,81.22523963562355
6.8,5,27,2.3683071351724965,4.736614270344993
6.8,10,27,15.38930516681145,30.778610333622904
6.8,20,27,39.22920489483753,78.45840978967506
6.8,5,28,2.061731110582648,4.123462221165296
6.8,10,28,14.358729437462939,28.717458874925878
6.8,20,28,37.89291416275996,75.78582832551992
6.8,5,29,1.7948411796828674,3.5896823593657348
6.8,10,29,13.397168281703664,26.794336563407324
6.8,20,29,36.60214239864064,73.20428479728128
6.8,5,30,1.5625,3.125
6.8,10,30,12.5,25
6.8,20,30,35.35533905932738,70.71067811865476
6.8,5,31,1.3602352551501937,2.7204705103003874
6.8,10,31,11.662912394210093,23.325824788420185
6.8,20,31,34.151006418859886,68.30201283771977
6.8,5,32,1.1841535675862482,2.3683071351724965
6.8,10,32,10.88188204120155,21.7637640824031
6.8,20,32,32.98769776932235,65.9753955386447
6.8,5,33,1.030865555291324,2.061731110582648
6.8,10,33,10.153154954452944,20.306309908905888
6.8,20,33,31.864015682981556,63.72803136596311
6.8,5,34,0.8974205898414337,1.7948411796828674
6.8,10,34,9.47322854068999,18.94645708137998
6.8,20,34,30.778610333622908,61.557220667245815
6.8,5,35,0.78125,1.5625
6.8,10,35,8.838834764831844,17.67766952966369
6.8,20,35,29.730177875068026,59.46035575013605
6.8,5,36,0.6801176275750969,1.3602352551501937
6.8,10,36,8.246924442330588,16.493848884661176
6.8,20,36,28.71745887492587,57.43491774985174
6.8,5,37,0.5920767837931241,1.1841535675862482
6.8,10,37,7.694652583405725,15.389305166811452
6.8,20,37,27.739236801696123,55.478473603392246
6.8,5,38,0.515432777645662,1.030865555291324
6.8,10,38,7.1793647187314695,14.358729437462939
6.8,20,38,26.794336563407327,53.58867312681465
6.8,5,39,0.44871029492071685,0.8974205898414337
6.8,10,39,6.698584140851832,13.397168281703662
6.8,20,39,25.88162309603444,51.76324619206888
6.8,5,40,0.390625,0.78125
6.8,10,40,6.25,12.5
6.8,20,40,25,50
6.8,5,41,0.34005881378754865,0.6801176275750973
6.8,10,41,5.831456197105048,11.662912394210094
6.8,20,41,24.148408223121145,48.29681644624229
6.8,5,42,0.29603839189656206,0.5920767837931241
6.8,10,42,5.440941020600775,10.88188204120155
6.8,20,42,23.325824788420185,46.65164957684037
6.8,5,43,0.257716388822831,0.515432777645662
6.8,10,43,5.076577477226472,10.153154954452944
6.8,20,43,22.531261565270757,45.062523130541514
6.8,5,44,0.22435514746035828,0.44871029492071657
6.8,10,44,4.736614270344993,9.473228540689986
6.8,20,44,21.7637640824031,43.5275281648062
6.8,5,45,0.1953125,0.390625
6.8,10,45,4.419417382415922,8.838834764831844
6.8,20,45,21.022410381342862,42.044820762685724
6.8,5,46,0.17002940689377433,0.34005881378754865
6.8,10,46,4.123462221165296,8.246924442330592
6.8,20,46,20.306309908905888,40.612619817811776
6.8,5,47,0.14801919594828103,0.29603839189656206
6.8,10,47,3.8473262917028626,7.694652583405726
6.8,20,47,19.614602447418765,39.22920489483753
6.8,5,48,0.1288581944114155,0.257716388822831
6.8,10,48,3.5896823593657348,7.1793647187314695
6.8,20,48,18.94645708137998,37.89291416275996
6.8,5,49,0.11217757373017914,0.22435514746035828
6.8,10,49,3.3492920704259155,6.698584140851831
6.8,20,49,18.301071199320315,36.60214239864063
6.8,5,50,0.09765625,0.1953125
6.8,10,50,3.125,6.25
6.8,20,50,17.67766952966369,35.35533905932738
6.8,5,51,0.08501470344688716,0.17002940689377433
6.8,10,51,2.915728098552524,5.831456197105047
6.8,20,51,17.075503209429947,34.15100641885989
6.8,5,52,0.07400959797414051,0.14801919594828103
6.8,10,52,2.7204705103003874,5.440941020600775
6.8,20,52,16.493848884661176,32.98769776932235
6.8,5,53,0.06442909720570775,0.1288581944114155
6.8,10,53,2.538288738613236,5.076577477226472
6.8,20,53,15.932007841490778,31.864015682981556
6.8,5,54,0.05608878686508957,0.11217757373017914
6.8,10,54,2.3683071351724965,4.736614270344993
6.8,20,54,15.38930516681145,30.778610333622904
6.8,5,55,0.048828125,0.09765625
6.8,10,55,2.209708691207961,4.419417382415922
6.8,20,55,14.865088937534013,29.730177875068026
6.8,5,56,0.04250735172344358,0.08501470344688716
6.8,10,56,2.061731110582648,4.123462221165296
6.8,20,56,14.358729437462939,28.717458874925878
6.8,5,57,0.03700479898707026,0.07400959797414051
6.8,10,57,1.9236631458514313,3.847326291702863
6.8,20,57,13.869618400848061,27.739236801696123
6.8,5,58,0.032214548602853874,0.06442909720570775
6.8,10,58,1.7948411796828674,3.5896823593657348
6.8,20,58,13.397168281703664,26.794336563407324
6.8,5,59,0.028044393432544786,0.05608878686508957
6.8,10,59,1.6746460352129577,3.3492920704259155
6.8,20,59,12.940811548017217,25.88162309603443
6.8,5,60,0.0244140625,0.048828125
6.8,10,60,1.5625,3.125
6.8,20,60,12.5,25
6.8,5,61,0.02125367586172179,0.04250735172344358
6.8,10,61,1.457864049276262,2.9157280985525236
6.8,20,61,12.074204111560572,24.148408223121145
6.8,5,62,0.01850239949353513,0.03700479898707026
6.8,10,62,1.3602352551501937,2.7204705103003874
6.8,20,62,11.662912394210093,23.325824788420185
6.8,5,63,0.016107274301426937,0.032214548602853874
6.8,10,63,1.269144369306618,2.538288738613236
6.8,20,63,11.265630782635379,22.531261565270757
6.8,5,64,0.014022196716272393,0.028044393432544786
6.8,10,64,1.1841535675862482,2.3683071351724965
6.8,20,64,10.88188204120155,21.7637640824031
6.8,5,65,0.01220703125,0.0244140625
6.8,10,65,1.1048543456039805,2.209708691207961
6.8,20,65,10.511205190671431,21.022410381342862
6.8,5,66,0.010626837930860895,0.02125367586172179
6.8,10,66,1.030865555291324,2.061731110582648
6.8,20,66,10.153154954452944,20.306309908905888
6.8,5,67,0.009251199746767564,0.01850239949353513
6.8,10,67,0.9618315729257156,1.9236631458514315
6.8,20,67,9.807301223709382,19.614602447418765
6.8,5,68,0.008053637150713468,0.016107274301426937
6.8,10,68,0.8974205898414337,1.7948411796828674
6.8,20,68,9.47322854068999,18.94645708137998
6.8,5,69,0.007011098358136196,0.014022196716272393
6.8,10,69,0.8373230176064789,1.6746460352129577
6.8,20,69,9.150535599660158,18.301071199320315
6.8,5,70,0.006103515625,0.01220703125
6.8,10,70,0.78125,1.5625
6.8,20,70,8.838834764831844,17.67766952966369
6.8,5,71,0.005313418965430448,0.010626837930860895
6.8,10,71,0.728932024638131,1.4578640492762618
6.8,20,71,8.537751604714973,17.075503209429947
6.8,5,72,0.004625599873383782,0.009251199746767564
6.8,10,72,0.6801176275750969,1.3602352551501937
6.8,20,72,8.246924442330588,16.493848884661176
6.8,5,73,0.004026818575356734,0.008053637150713468
6.8,10,73,0.634572184653309,1.269144369306618
6.8,20,73,7.966003920745389,15.932007841490778
6.8,5,74,0.003505549179068098,0.007011098358136196
6.8,10,74,0.5920767837931241,1.1841535675862482
6.8,20,74,7.694652583405725,15.389305166811452
6.8,5,75,0.0030517578125,0.006103515625
6.8,10,75,0.5524271728019903,1.1048543456039805
6.8,20,75,7.432544468767007,14.865088937534013
6.8,5,76,0.002656709482715224,0.005313418965430448
6.8,10,76,0.515432777645662,1.030865555291324
6.8,20,76,7.1793647187314695,14.358729437462939
6.8,5,77,0.002312799936691891,0.004625599873383782
6.8,10,77,0.4809157864628578,0.9618315729257157
6.8,20,77,6.934809200424031,13.869618400848061
6.8,5,78,0.002013409287678367,0.004026818575356734
6.8,10,78,0.44871029492071685,0.8974205898414337
6.8,20,78,6.698584140851832,13.397168281703662
6.8,5,79,0.001752774589534049,0.003505549179068098
6.8,10,79,0.41866150880323943,0.8373230176064789
6.8,20,79,6.470405774008609,12.940811548017216
6.8,5,80,0.00152587890625,0.0030517578125
6.8,10,80,0.390625,0.78125
6.8,20,80,6.25,12.5
6.8,5,81,0.001328354741357612,0.002656709482715224
6.8,10,81,0.3644660123190655,0.7289320246381309
6.8,20,81,6.037102055780286,12.074204111560572
6.8,5,82,0.0011563999683459468,0.0023127999366918937
6.8,10,82,0.34005881378754865,0.6801176275750973
6.8,20,82,5.831456197105048,11.662912394210094
6.8,5,83,0.0010067046438391822,0.0020134092876783645
6.8,10,83,0.31728609232665433,0.6345721846533087
6.8,20,83,5.6328153913176875,11.265630782635375
6.8,5,84,0.0008763872947670245,0.001752774589534049
6.8,10,84,0.29603839189656206,0.5920767837931241
6.8,20,84,5.440941020600775,10.88188204120155
6.8,5,85,0.000762939453125,0.00152587890625
6.8,10,85,0.27621358640099514,0.5524271728019903
6.8,20,85,5.2556025953357155,10.511205190671431
6.8,5,86,0.000664177370678806,0.001328354741357612
6.8,10,86,0.257716388822831,0.515432777645662
6.8,20,86,5.076577477226472,10.153154954452944
6.8,5,87,0.0005781999841729734,0.0011563999683459468
6.8,10,87,0.2404578932314291,0.48091578646285815
6.8,20,87,4.903650611854693,9.807301223709386
6.8,5,88,0.0005033523219195911,0.0010067046438391822
6.8,10,88,0.22435514746035828,0.44871029492071657
6.8,20,88,4.736614270344993,9.473228540689986
6.8,5,89,0.0004381936473835123,0.0008763872947670245
6.8,10,89,0.20933075440161972,0.41866150880323943
6.8,20,89,4.575267799830079,9.150535599660158
6.8,5,90,0.0003814697265625,0.000762939453125
6.8,10,90,0.1953125,0.390625
6.8,20,90,4.419417382415922,8.838834764831844
6.8,5,91,0.000332088685339403,0.000664177370678806
6.8,10,91,0.18223300615953275,0.36446601231906545
6.8,20,91,4.268875802357487,8.537751604714973
6.8,5,92,0.0002890999920864867,0.0005781999841729734
6.8,10,92,0.17002940689377433,0.34005881378754865
6.8,20,92,4.123462221165296,8.246924442330592
6.8,5,93,0.00025167616095979556,0.0005033523219195911
6.8,10,93,0.15864304616332717,0.31728609232665433
6.8,20,93,3.983001960372693,7.966003920745386
6.8,5,94,0.00021909682369175614,0.0004381936473835123
6.8,10,94,0.14801919594828103,0.29603839189656206
6.8,20,94,3.8473262917028626,7.694652583405726
6.8,5,95,0.00019073486328125,0.0003814697265625
6.8,10,95,0.13810679320049757,0.27621358640099514
6.8,20,95,3.7162722343835033,7.432544468767007
6.8,5,96,0.0001660443426697015,0.000332088685339403
6.8,10,96,0.1288581944114155,0.257716388822831
6.8,20,96,3.5896823593657348,7.1793647187314695
6.8,5,97,0.00014454999604324336,0.0002890999920864867
6.8,10,97,0.12022894661571455,0.24045789323142908
6.8,20,97,3.4674046002120167,6.934809200424033
6.8,5,98,0.00012583808047989778,0.00025167616095979556
6.8,10,98,0.11217757373017914,0.22435514746035828
6.8,20,98,3.3492920704259155,6.698584140851831
6.8,5,99,0.00010954841184587807,0.00021909682369175614
6.8,10,99,0.10466537720080986,0.20933075440161972
6.8,20,99,3.2352028870043044,6.470405774008608
6.8,5,100,0.000095367431640625,0.00019073486328125
6.8,10,100,0.09765625,0.1953125
6.8,20,100,3.125,6.25
6.8,5,101,0.00008302217133485075,0.0001660443426697015
6.8,10,101,0.09111650307976638,0.18223300615953272
6.8,20,101,3.018551027890143,6.037102055780286
6.8,5,102,0.00007227499802162168,0.00014454999604324336
6.8,10,102,0.08501470344688716,0.17002940689377433
6.8,20,102,2.915728098552524,5.831456197105047
6.8,5,103,0.00006291904023994889,0.00012583808047989778
6.8,10,103,0.07932152308166358,0.15864304616332717
6.8,20,103,2.8164076956588437,5.6328153913176875
6.8,5,104,0.000054774205922939034,0.00010954841184587807
6.8,10,104,0.07400959797414051,0.14801919594828103
6.8,20,104,2.7204705103003874,5.440941020600775
6.8,5,105,0.0000476837158203125,0.000095367431640625
6.8,10,105,0.06905339660024878,0.13810679320049757
6.8,20,105,2.6278012976678577,5.2556025953357155
6.8,5,106,0.00004151108566742537,0.00008302217133485075
6.8,10,106,0.06442909720570775,0.1288581944114155
6.8,20,106,2.538288738613236,5.076577477226472
6.8,5,107,0.00003613749901081084,0.00007227499802162168
6.8,10,107,0.060114473307857276,0.12022894661571454
6.8,20,107,2.4518253059273465,4.903650611854693
6.8,5,108,0.000031459520119974445,0.00006291904023994889
6.8,10,108,0.05608878686508957,0.11217757373017914
6.8,20,108,2.3683071351724965,4.736614270344993
6.8,5,109,0.000027387102961469517,0.000054774205922939034
6.8,10,109,0.05233268860040493,0.10466537720080986
6.8,20,109,2.2876338999150394,4.575267799830079
6.8,5,110,0.00002384185791015625,0.0000476837158203125
6.8,10,110,0.048828125,0.09765625
6.8,20,110,2.209708691207961,4.419417382415922
6.8,5,111,0.000020755542833712686,0.00004151108566742537
6.8,10,111,0.04555825153988319,0.09111650307976636
6.8,20,111,2.1344379011787433,4.268875802357487
6.8,5,112,0.00001806874950540542,0.00003613749901081084
6.8,10,112,0.04250735172344358,0.08501470344688716
6.8,20,112,2.061731110582648,4.123462221165296
6.8,5,113,0.000015729760059987223,0.000031459520119974445
6.8,10,113,0.03966076154083179,0.07932152308166358
6.8,20,113,1.9915009801863466,3.983001960372693
6.8,5,114,0.000013693551480734759,0.000027387102961469517
6.8,10,114,0.03700479898707026,0.07400959797414051
6.8,20,114,1.9236631458514313,3.847326291702863
6.8,5,115,0.000011920928955078125,0.00002384185791015625
6.8,10,115,0.03452669830012439,0.06905339660024878
6.8,20,115,1.8581361171917516,3.7162722343835033
6.8,5,116,0.000010377771416856343,0.000020755542833712686
6.8,10,116,0.032214548602853874,0.06442909720570775
6.8,20,116,1.7948411796828674,3.5896823593657348
6.8,5,117,0.00000903437475270271,0.00001806874950540542
6.8,10,117,0.030057236653928638,0.06011447330785727
6.8,20,117,1.7337023001060083,3.4674046002120167
6.8,5,118,0.000007864880029993611,0.000015729760059987223
6.8,10,118,0.028044393432544786,0.05608878686508957
6.8,20,118,1.6746460352129577,3.3492920704259155
6.8,5,119,0.000006846775740367379,0.000013693551480734759
6.8,10,119,0.026166344300202465,0.05233268860040493
6.8,20,119,1.6176014435021522,3.235202887004304
6.8,5,120,0.0000059604644775390625,0.000011920928955078125
6.8,10,120,0.0244140625,0.048828125
6.8,20,120,1.5625,3.125
6.8,5,121,0.000005188885708428172,0.000010377771416856343
6.8,10,121,0.022779125769941594,0.04555825153988318
6.8,20,121,1.5092755139450715,3.018551027890143
6.8,5,122,0.000004517187376351355,0.00000903437475270271
6.8,10,122,0.02125367586172179,0.04250735172344358
6.8,20,122,1.457864049276262,2.9157280985525236
6.8,5,123,0.000003932440014996806,0.000007864880029993611
6.8,10,123,0.019830380770415896,0.03966076154083179
6.8,20,123,1.4082038478294219,2.8164076956588437
6.8,5,124,0.0000034233878701836896,0.000006846775740367379
6.8,10,124,0.01850239949353513,0.03700479898707026
6.8,20,124,1.3602352551501937,2.7204705103003874
6.8,5,125,0.0000029802322387695312,0.0000059604644775390625
6.8,10,125,0.017263349150062196,0.03452669830012439
6.8,20,125,1.3139006488339289,2.6278012976678577
6.8,5,126,0.000002594442854214086,0.000005188885708428172
6.8,10,126,0.016107274301426937,0.032214548602853874
6.8,20,126,1.269144369306618,2.538288738613236
