Model,AUM_USD_bn,Impact_bp,Annual_drag_bp,Alpha_capture_pct,Implemented_alpha_pct,Net_alpha_pct,Net_IR,Retained_alpha_pct,Average_days,Multi_day_pct,Three_plus_days_pct,Mean_participation_pct_ADV,Unfinished_notional_pct
ADV calibrated,0.1,2.609813163325831,0.7255280594045811,102.03521896321784,0.5101760948160892,0.5029208142220434,0.3868621647861872,100.58416284440868,1.0000000000000007,0,0,0.2979829902770638,0
ADV calibrated,0.2,3.4100419045243586,0.9479916494577718,102.03521896321784,0.5101760948160892,0.5006961783215115,0.3851509064011627,100.13923566430229,1.0000000000000007,0,0,0.5959659805541276,0
ADV calibrated,0.3,3.9875237706049274,1.10853160822817,102.03521896321784,0.5101760948160892,0.49909077873380747,0.38391598364139035,99.81815574676149,1.0000000000000007,0,0,0.8939489708311892,0
ADV calibrated,0.4,4.453890870818877,1.2381816620876478,102.01993435860327,0.5100996717930163,0.49771785517213984,0.3828598885939537,99.54357103442797,1.0044737653859344,0.44737653859317306,0,1.1919319611082553,0
ADV calibrated,0.5,4.846956147955544,1.3474538091316415,102.00538758886819,0.510026937944341,0.4965523998530245,0.38196338450232653,99.3104799706049,1.0087315683555769,0.8731568355573778,0,1.4899149513853214,0
ADV calibrated,0.6,5.19085879858902,1.4430587460077478,101.99444724615043,0.5099722362307522,0.4955416487706747,0.38118588366974976,99.10832975413494,1.0119337791942105,1.193377919420683,0,1.7878979416623784,0
ADV calibrated,0.7,5.498872614376555,1.5286865867966826,101.96235783347964,0.5098117891673982,0.4945249232994314,0.3804037871534087,98.90498465988628,1.0213668827842124,2.045718658809043,0.09096961961176013,2.0858809319394505,0
ADV calibrated,0.8,5.768065615948247,1.6035222412336128,101.86012233215857,0.5093006116607929,0.49326538924845675,0.3794349148065052,98.65307784969136,1.0514500739743242,4.697630858838917,0.44737653859317306,2.3838639222165106,0
ADV calibrated,0.9,6.004698813404803,1.6693062701265355,101.78960324075555,0.5089480162037777,0.49225495350251236,0.3786576565403941,98.45099070050247,1.0722062145251587,6.514805130784378,0.7058163217310787,2.681846912493578,0
ADV calibrated,1,6.217584363145834,1.728488452954542,101.7457887620179,0.5087289438100895,0.4914440592805441,0.37803389175426466,98.28881185610882,1.0851053110428348,7.63737426872558,0.8731568355573778,2.9798299027706427,0
ADV calibrated,1.1,6.412277142311163,1.7826130455625036,101.69907145569239,0.508495357278462,0.4906692268228369,0.37743786678679764,98.13384536456738,1.0990097590444192,8.683842716008865,1.0359107112053931,3.2778128930477104,0
ADV calibrated,1.2,6.59255714952375,1.8327308875676027,101.65263984534818,0.5082631992267409,0.4899358903510649,0.37687376180851145,97.98717807021298,1.112902154776744,9.64946101965986,1.193377919420683,3.5757958833247567,0
ADV calibrated,1.3,6.761141658331299,1.8795973810161013,101.62933606696761,0.508146680334838,0.489350706524677,0.37642362040359767,97.8701413049354,1.1199080449675527,10.100343415688458,1.2698582400354124,3.873778873601837,0
ADV calibrated,1.4,6.919335449004733,1.923575254823316,101.53490207460887,0.5076745103730443,0.48843875782481116,0.37572212140370087,97.68775156496223,1.1481583216435254,11.889121424303932,2.045718658809043,4.171761863878901,0
ADV calibrated,1.5,7.064008933987133,1.9637944836484231,101.43747618105901,0.507187380905295,0.4875494360688108,0.37503802774523903,97.50988721376216,1.1775818112453171,13.211358258766397,3.402936072852214,4.469744854155972,0
ADV calibrated,1.6,7.195895283024317,2.00045888868076,101.29853945479348,0.5064926972739674,0.4864881083871598,0.3742216218362767,97.29762167743196,1.2191928460826853,15.738366499630457,4.697630858838917,4.767727844433021,0
ADV calibrated,1.7,7.318173224655968,2.034452156454359,101.23204626676352,0.5061602313338176,0.485815709769274,0.3737043921302108,97.1631419538548,1.2391133071961928,16.9410696656626,5.320465865737653,5.065710834710109,0
ADV calibrated,1.8,7.43209440398476,2.0661222443077634,101.10251878452651,0.5055125939226326,0.484851371479555,0.3729625934458115,96.970274295911,1.2781451125589636,19.219289406732628,6.514805130784378,5.363693824987156,0
ADV calibrated,1.9,7.538712042331798,2.09576194776824,101.03978708272489,0.5051989354136244,0.484241315935942,0.3724933199507246,96.8482631871884,1.2970832441638522,20.292391489720288,7.0853222676465295,5.6616768152642365,0
ADV calibrated,2,7.639407509973372,2.123755287772598,100.97682036927971,0.5048841018463985,0.48364654896867254,0.37203580689897886,96.7293097937345,1.3162233969363486,21.31976967218843,7.63737426872558,5.9596598055412855,0
ADV calibrated,2.1,7.7347394105883716,2.1502575561435675,100.93014897448849,0.5046507448724424,0.48314816931100674,0.3716524379315436,96.62963386220135,1.3311645173774276,21.31976967218843,8.170407645802214,6.257642795818345,0
ADV calibrated,2.2,7.825421612726856,2.175467208338066,100.85117059519062,0.5042558529759531,0.48250118089257243,0.371154754532748,96.50023617851448,1.3555356490045842,22.30004747872726,8.683842716008865,6.555625786095421,0
ADV calibrated,2.3,7.912226029878678,2.1995988363062726,100.752211104261,0.503761055521305,0.4817650671582423,0.3705885131986479,96.35301343164846,1.3864778607619854,23.231774134896124,9.177072387937292,6.85360877637249,0
ADV calibrated,2.4,7.995752461931114,2.22281918441685,100.6796061730926,0.503398030865463,0.48116983902129445,0.3701306454009957,96.2339678042589,1.4089129018926356,24.113421391123293,9.64946101965986,7.1515917666495135,0
ADV calibrated,2.5,8.075593191963785,2.2450149073659325,100.63371179419723,0.5031685589709861,0.4807184098973268,0.36978339222871287,96.14368197946536,1.4239290749710307,24.113421391123293,10.100343415688458,7.449574756926649,0
ADV calibrated,2.6,8.152883105280905,2.266501503268092,100.57943684597745,0.5028971842298873,0.48023216919720635,0.36940936092092796,96.04643383944126,1.4408641385181054,24.943381136232965,10.100343415688458,7.747557747203674,0
ADV calibrated,2.7,8.22745975245736,2.2872338111831465,100.53792002491168,0.5026896001245584,0.47981726201272695,0.3690902015482515,95.96345240254539,1.4543305971327907,24.943381136232965,10.529024060986279,8.045540737480723,0
ADV calibrated,2.8,8.299751883890455,2.3073310237215465,100.41917356788295,0.5020958678394147,0.47902255760219925,0.3684788904632302,95.80451152043985,1.4918385127148763,25.71996438441047,11.889121424303932,8.343523727757802,0
ADV calibrated,2.9,8.36975815273591,2.326792766460583,100.35103293838561,0.501755164691928,0.4784872370273222,0.3680671054056325,95.69744740546444,1.5136962371415525,25.71996438441047,13.211358258766397,8.64150671803485,0
ADV calibrated,3,8.438077154468635,2.345785448942281,100.28018781884568,0.5014009390942283,0.4779430846048055,0.36764852661908115,95.5886169209611,1.5365093870377078,26.441402550062065,13.211358258766397,8.939489708311944,0
ADV calibrated,3.1,8.504094012432333,2.3641381354561886,100.19768162825581,0.500988408141279,0.4773470267867171,0.367190020605167,95.46940535734342,1.5629348105470722,26.441402550062065,14.494775913644725,9.237472698588988,0
ADV calibrated,3.2,8.568815555958055,2.3821307245563395,100.11104238773792,0.5005552119386896,0.47673390469312615,0.36671838822548164,95.34678093862523,1.591111740557178,26.441402550062065,15.738366499630457,9.535455688866042,0
ADV calibrated,3.3,8.631801686487874,2.3996408688436293,100.02185744959093,0.5001092872479547,0.4761128785595184,0.3662406758150141,95.22257571190367,1.6193748800548748,27.105852457714636,16.9410696656626,9.833438679143136,0
ADV calibrated,3.4,8.693168850419545,2.4167009404166335,100,0.5,0.47583299059583367,0.3660253773814105,95.16659811916674,1.6268280473675365,27.105852457714636,16.9410696656626,10.131421669420218,0
ADV calibrated,3.5,8.752310825011687,2.433142409353249,99.86578393736157,0.49932891968680787,0.47499749559327537,0.3653826889179041,94.99949911865507,1.6697051452685812,28.66005771122846,18.101769190559416,10.429404659697264,0.0011964258361637282
ADV calibrated,3.6,8.808372095184897,2.4487274424614016,99.7153799257145,0.4985768996285725,0.4740896252039585,0.36468432707996806,94.81792504079169,1.7175323553785309,30.154801177848384,19.219289406732628,10.727387649974313,0.004512100687083148
ADV calibrated,3.7,8.861722048781905,2.46355872956137,99.64126149939926,0.4982063074969963,0.4735707202013826,0.3642851693856789,94.71414404027652,1.7403656535499505,31.590563385128114,19.219289406732628,11.025370640251392,0.00957507117574954
ADV calibrated,3.8,8.912346970496486,2.4776324577980233,99.56363306244299,0.49781816531221496,0.4730418407342347,0.3638783390263344,94.60836814684694,1.7646348689260385,31.590563385128114,20.292391489720288,11.323353630528473,0.016447568180467824
ADV calibrated,3.9,8.960556323239587,2.4910346578606055,99.47090705118966,0.4973545352559483,0.4724441886773422,0.36341860667487863,94.48883773546845,1.7930618546706343,32.96781073033917,20.292391489720288,11.621336620805533,0.024843612694363443
ADV calibrated,4,9.006897458054077,2.5039174933390336,99.34745600974946,0.49673728004874734,0.47169810511535704,0.3628446962425823,94.3396210230714,1.8313838534141405,34.2869960125106,21.31976967218843,11.919319611082571,0.03416811151930625
ADV calibrated,4.1,9.051539810396168,2.516328067290135,99.32183923068816,0.4966091961534408,0.47144591548053943,0.36265070421579954,94.28918309610789,1.8384291623265845,34.2869960125106,21.31976967218843,12.217302601359629,0.04424636583818101
ADV calibrated,4.2,9.093951912416705,2.5281186316518443,99.18659652289266,0.4959329826144633,0.47065179629794485,0.3620398433061114,94.13035925958897,1.8821745843891478,35.548559056314616,21.31976967218843,12.51528559163669,0.055800290282487015
ADV calibrated,4.3,9.135170498152588,2.53957739848642,99.05115878336457,0.49525579391682284,0.46986001993195864,0.3614307845630451,93.97200398639173,1.9246482552201303,36.75292745056492,22.30004747872726,12.813268581913784,0.0675993640317146
ADV calibrated,4.4,9.174804391260064,2.550595620770298,98.9963607491708,0.49498180374585404,0.4694758475381511,0.36113526733703927,93.89516950763021,1.9403459361584485,36.75292745056492,22.30004747872726,13.111251572190842,0.08016762487260867
ADV calibrated,4.5,9.213075209826695,2.561234908331821,98.86498060323994,0.4943249030161997,0.46871255393288147,0.3605481184099088,93.74251078657629,1.9821172684442012,37.90051742981497,23.231774134896124,13.409234562467928,0.09329801785767192
ADV calibrated,4.6,9.25028721428654,2.5715798455716588,98.7949777363805,0.49397488868190254,0.46825909022618595,0.36019930017398916,93.65181804523719,2.004082985514202,37.90051742981497,23.231774134896124,13.70721755274498,0.1066136331592678
ADV calibrated,4.7,9.286116937168213,2.5815405085327634,98.69002148582477,0.4934501074291239,0.4676347023437962,0.35971900180292016,93.52694046875925,2.03649050484687,38.991734934889784,23.231774134896124,14.005200543021997,0.1206205724890315
ADV calibrated,4.8,9.321137015308693,2.5912760902558167,98.61522802189855,0.49307614010949274,0.46716337920693457,0.3593564455437958,93.43267584138691,2.059786197795913,38.991734934889784,24.113421391123293,14.303183533299027,0.13456644517941102
ADV calibrated,4.9,9.354973262532226,2.6006825669839593,98.53481166499496,0.4926740583249748,0.4666672326551352,0.358974794350104,93.33344653102704,2.0852628749795827,40.02697689769665,24.113421391123293,14.601166523576142,0.14903647582980845
ADV calibrated,5,9.388006677359762,2.609865856306014,98.43603243729262,0.4921801621864631,0.46608150362340295,0.3585242335564638,93.2163007246806,2.118314540121513,40.02697689769665,24.113421391123293,14.899149513853297,0.16351888302435993
ADV calibrated,5.1,9.420244270443964,2.618827907183422,98.37438429335275,0.49187192146676373,0.4656836423949295,0.35821818645763803,93.1367284789859,2.135897846788041,41.00663280805707,24.113421391123293,15.197132504130323,0.1780689343410951
ADV calibrated,5.2,9.451475051661262,2.627510064361831,98.26568525158397,0.4913284262579199,0.46505332561430157,0.3577333273956166,93.01066512286032,2.1721188410539796,41.00663280805707,24.943381136232965,15.495115494407347,0.1930127407883328
ADV calibrated,5.3,9.482386904488676,2.6361035594478524,98.23821777964591,0.49119108889822954,0.46483005330375105,0.35756157946442385,92.96601066075021,2.177933908921662,41.00663280805707,24.943381136232965,15.793098484684428,0.20739263001114627
ADV calibrated,5.4,9.512054928673749,2.6443512701713026,98.11239675782522,0.49056198378912613,0.4641184710874131,0.3570142085287793,92.82369421748263,2.2210778231794035,41.93108663660187,24.943381136232965,16.091081474961445,0.2226261213409295
ADV calibrated,5.5,9.541361310824803,2.652498444409295,98.10113155383455,0.49050565776917276,0.4639806733250798,0.35690821025006136,92.79613466501596,2.2210778231794035,41.93108663660187,24.943381136232965,16.389064465238555,0.23741311388391992
ADV calibrated,5.6,9.570199611546991,2.660515492010064,97.92881966233813,0.48964409831169065,0.46303894339159,0.3561838026089154,92.607788678318,2.281949010424038,42.80071920938934,25.71996438441047,16.687047455515604,0.25196300762832313
ADV calibrated,5.7,9.598046084090182,2.668256811377071,97.88380887253281,0.48941904436266404,0.4627364762488933,0.3559511355760718,92.54729524977866,2.292680031253915,42.80071920938934,25.71996438441047,16.98503044579277,0.2671102516433574
ADV calibrated,5.8,9.625638397226444,2.675927474428952,97.79987041959086,0.4889993520979543,0.4622400773536648,0.3555692902720498,92.44801547073295,2.322505540720708,42.80071920938934,25.71996438441047,17.2830134360697,0.28173517689925265
ADV calibrated,5.9,9.652826959791545,2.68348589482205,97.73254670336617,0.4886627335168308,0.4618278745686103,0.3552522112066233,92.36557491372206,2.3442307649243035,43.615911158862616,25.71996438441047,17.580996426346776,0.29611452705281727
ADV calibrated,6,9.67911466440867,2.6907938767056105,97.6312218168387,0.4881561090841935,0.4612481703171374,0.35480628485933646,92.24963406342748,2.377871675160612,43.615911158862616,26.441402550062065,17.87897941662389,0.311068916925615
ADV calibrated,6.1,9.705176229645492,2.698038991841447,97.56740472733048,0.48783702363665243,0.460856633718238,0.35450510286018305,92.1713267436476,2.398600675795683,43.615911158862616,26.441402550062065,18.176962406900934,0.3255329989337309
ADV calibrated,6.2,9.731016279586882,2.7052225257251536,97.54038236510407,0.4877019118255203,0.46064968656826877,0.35434591274482213,92.12993731365376,2.407706768029299,43.615911158862616,26.441402550062065,18.474945397177976,0.3395304976512626
ADV calibrated,6.3,9.756035998660739,2.712178007627686,97.42125630232054,0.48710628151160273,0.4599845014353259,0.3538342318733276,91.99690028706517,2.4494110053517573,44.37704661495592,26.441402550062065,18.772928387455043,0.35408949495727476
ADV calibrated,6.4,9.780727635981698,2.719042282802912,97.3498227666572,0.486749113833286,0.45955869100525687,0.3535066853886591,91.91173820105138,2.4724562405578503,44.37704661495592,26.441402550062065,19.070911377732084,0.3683983815991206
ADV calibrated,6.5,9.80522080050913,2.725851382541538,97.28629261514226,0.4864314630757113,0.4591729492502959,0.35320996096176605,91.83458985005917,2.495913789839356,44.37704661495592,27.105852457714636,19.368894368009137,0.3822669948058324
ADV calibrated,6.6,9.829479966140534,2.7325954305870686,97.18819876065938,0.48594099380329686,0.45861503949742616,0.35278079961340475,91.72300789948522,2.528878955663693,45.08451785383434,27.105852457714636,19.66687735828627,0.3957840376752749
ADV calibrated,6.7,9.852943538853463,2.7391183038012628,97.14792937769538,0.4857396468884769,0.45834846385046424,0.352575741423434,91.66969277009285,2.543062888009987,45.08451785383434,27.105852457714636,19.96486034856334,0.4099464009722132
ADV calibrated,6.8,9.876228351119414,2.7455914816111973,97.09399634299326,0.4854699817149663,0.4580140668988543,0.3523185129991187,91.60281337977086,2.560513712546169,45.08451785383434,27.105852457714636,20.262843338840437,0.4236922241721822
ADV calibrated,6.9,9.899337610472093,2.7520158557112424,97.01843947677435,0.4850921973838717,0.4575720388267593,0.35197849140519943,91.51440776535186,2.588054653221074,45.08451785383434,27.105852457714636,20.56082632911749,0.4370396177141805
ADV calibrated,7,9.92063420355103,2.7579363085871864,96.8128843798916,0.484064421899458,0.4564850588135861,0.35114235293352775,91.29701176271722,2.6558519988304634,47.986655025054574,28.66005771122846,20.858809319394528,0.4592258984823848
ADV calibrated,7.1,9.940240643499354,2.7633868988928207,96.76907826721752,0.4838453913360876,0.4562115223471594,0.35093194026704566,91.24230446943187,2.668401414089494,47.986655025054574,28.66005771122846,21.156792309671594,0.4815708669376906
ADV calibrated,7.2,9.958962009889571,2.768591438749301,96.60819689212386,0.48304098446061927,0.45535507007312626,0.3502731308254817,91.07101401462525,2.7251143252493266,47.986655025054574,30.154801177848384,21.454775299948626,0.5095448687596682
ADV calibrated,7.3,9.977191278195754,2.7736591753384197,96.5473104787508,0.482736552393754,0.4549999606403698,0.3499999697233614,90.99999212807396,2.7433691628246195,47.986655025054574,30.154801177848384,21.752758290225678,0.5399886195473224
ADV calibrated,7.4,9.994220973981106,2.7783934307667475,96.36851129770184,0.4818425564885092,0.45405862218084175,0.3492758632160321,90.81172443616835,2.799607620840299,50.70433600258165,31.590563385128114,22.050741280502784,0.5717611841140358
ADV calibrated,7.5,10.00944672355504,2.7826261891483015,96.29982686984863,0.48149913434924313,0.4536728724577601,0.34897913265981545,90.73457449155202,2.8182729984686135,50.70433600258165,31.590563385128114,22.348724270779773,0.609510182630545
ADV calibrated,7.6,10.02463263569694,2.78684787272375,96.2032441532672,0.48101622076633604,0.4531477420390985,0.3485751861839219,90.6295484078197,2.852309655641426,50.70433600258165,31.590563385128114,22.646707261056946,0.6462657864492517
ADV calibrated,7.7,10.039097667334195,2.7908691515189066,96.08644409469083,0.4804322204734542,0.45252352895826514,0.3480950222755886,90.50470579165302,2.8895234503777014,50.70433600258165,32.96781073033917,22.94469025133393,0.6875915880579306
ADV calibrated,7.8,10.052732841688258,2.794659729989336,95.9530747085542,0.479765373542771,0.45181877624287764,0.34755290480221357,90.36375524857553,2.922137796128596,53.24107672253331,32.96781073033917,23.242673241611065,0.7308058925876991
ADV calibrated,7.9,10.065252765409035,2.798140268783712,95.87266950692062,0.4793633475346031,0.45138194484676597,0.3472168806513584,90.27638896935319,2.9497778682415476,53.24107672253331,32.96781073033917,23.54065623188804,0.7729261640914001
ADV calibrated,8,10.076907106248663,2.801380175537129,95.7366330016577,0.47868316500828845,0.4506693632529172,0.3466687409637824,90.13387265058344,2.994004758357447,53.24107672253331,34.2869960125106,23.838639222165142,0.820967867179786
ADV calibrated,8.1,10.08844946460524,2.804588951160257,95.686866731479,0.478434333657395,0.45038844414579243,0.34645264934291725,90.07768882915849,3.0018070958389003,53.24107672253331,34.2869960125106,24.1366222124422,0.868827904113849
ADV calibrated,8.2,10.100003769075837,2.807801047803083,95.61700891536489,0.47808504457682444,0.4500070340987936,0.346159256999072,90.00140681975873,3.0223008119594157,53.24107672253331,34.2869960125106,24.434605202719258,0.9155206230739118
ADV calibrated,8.3,10.109968143423512,2.8105711438717367,95.41890358477421,0.4770945179238711,0.4489888064851537,0.3453760049885798,89.79776129703075,3.0885308484592087,55.600212574438345,35.548559056314616,24.732588192996314,0.9677427389683844
ADV calibrated,8.4,10.119288336061814,2.8131621574251846,95.32871272537294,0.47664356362686466,0.4485119420526128,0.34500918619431753,89.70238841052256,3.117793685410424,55.600212574438345,35.548559056314616,25.03057118327338,1.0195608714299245
ADV calibrated,8.5,10.128644190279026,2.8157630848975694,95.24812228464182,0.4762406114232091,0.4480829805742334,0.3446792158263334,89.61659611484669,3.1352856622022345,55.600212574438345,35.548559056314616,25.328554173550415,1.0701597537158987
ADV calibrated,8.6,10.137454806215116,2.8182124361278027,95.1344941345677,0.4756724706728385,0.4474903463115605,0.344223343316585,89.4980692623121,3.1743696024839942,55.600212574438345,36.75292745056492,25.626537163827567,1.1242787048334533
ADV calibrated,8.7,10.146022809684135,2.82059434109219,95.05639346263077,0.4752819673131538,0.4470760239022319,0.3439046337709476,89.41520478044637,3.1901921946965377,55.600212574438345,36.75292745056492,25.92452015410465,1.1794749426154805
ADV calibrated,8.8,10.154332362764082,2.822904396848415,94.91570795430816,0.4745785397715408,0.44634949580305666,0.3433457660023513,89.26989916061133,3.2326663847065733,57.784906245195614,36.75292745056492,26.222503144381683,1.2334167204479165
ADV calibrated,8.9,10.161664599566349,2.824942758679445,94.83715469883302,0.4741857734941651,0.44593634590737063,0.3430279583902851,89.18726918147412,3.25926422549179,57.784906245195614,37.90051742981497,26.520486134658732,1.2873607430459244
ADV calibrated,9,10.168391601590518,2.826812865242164,94.69845486607639,0.47349227433038193,0.4452241456779603,0.3424801120599695,89.04482913559207,3.3023822479114515,57.784906245195614,37.90051742981497,26.818469124935856,1.3454434584652404
ADV calibrated,9.1,10.175181305340255,2.828700402884591,94.62018608849387,0.4731009304424693,0.4448139264136234,0.3421645587797103,88.96278528272468,3.324002205924943,57.784906245195614,37.90051742981497,27.116452115212898,1.4022496306885255
ADV calibrated,9.2,10.182030257614624,2.8306044116168656,94.56511425559079,0.47282557127795394,0.4445195271617853,0.3419380978167579,88.90390543235705,3.338424796624825,57.784906245195614,37.90051742981497,27.41443510548996,1.4578208861243542
ADV calibrated,9.3,10.188630078836768,2.832439161916622,94.47500089538336,0.4723750044769168,0.4440506128577506,0.341577394505962,88.81012257155012,3.369578855833413,57.784906245195614,38.991734934889784,27.71241809576691,1.5146770025964145
ADV calibrated,9.4,10.194633738750284,2.834108179372579,94.32716427019214,0.4716358213509607,0.4432947395572349,0.34099595350556533,88.65894791144699,3.4115943967261564,59.79815723212828,38.991734934889784,28.010401086043995,1.5739391862671654
ADV calibrated,9.5,10.199899374758855,2.835572026182962,94.24058447121803,0.4712029223560901,0.4428472020942605,0.3406516939186619,88.5694404188521,3.43676700410965,59.79815723212828,38.991734934889784,28.30838407632108,1.6319537450185269
ADV calibrated,9.6,10.205233779268664,2.837054990636689,94.158754128733,0.47079377064366495,0.44242322073729806,0.3403255544133062,88.48464414745962,3.4600178147214216,59.79815723212828,38.991734934889784,28.606367066598054,1.6887596671292335
ADV calibrated,9.7,10.21043141963578,2.838499934658747,94.08132733138305,0.47040663665691523,0.4420216373103278,0.34001664408486754,88.40432746206555,3.486364786014647,59.79815723212828,40.02697689769665,28.904350056875355,1.7460384742397264
ADV calibrated,9.8,10.215202766620894,2.8398263691206087,93.97932811720756,0.4698966405860378,0.44149837689483173,0.3396141360729475,88.29967537896634,3.5141889923194625,59.79815723212828,40.02697689769665,29.202333047152283,1.8061541456120318
ADV calibrated,9.9,10.220047510589877,2.841173207943986,93.90166392789496,0.4695083196394748,0.44109658756003495,0.339305067353873,88.219317512007,3.535803844106743,59.79815723212828,40.02697689769665,29.500316037429396,1.8650553589768137
ADV calibrated,10,10.224962404798807,2.8425395485340688,93.81714638196829,0.46908573190984143,0.44066033642450075,0.33896948955730827,88.13206728490015,3.568232289528549,59.79815723212828,40.02697689769665,29.798299027706594,1.9227785480743074
ADV calibrated,10.1,10.229719176929715,2.843861931186461,93.66474556970425,0.4683237278485213,0.4398851085366567,0.33837316041281285,87.97702170733133,3.6073453082689713,61.64281393327976,40.02697689769665,30.096282017983555,1.979358703724316
ADV calibrated,10.2,10.233391646361648,2.8448828776885384,93.58736260467789,0.46793681302338946,0.4394879842465041,0.3380676801896185,87.89759684930083,3.6306706779906293,61.64281393327976,41.00663280805707,30.394265008260646,2.038961486240422
ADV calibrated,10.3,10.237007175515561,2.845887994793326,93.48562055419805,0.46742810277099023,0.43896922282305695,0.337668632940813,87.79384456461139,3.666492924606226,61.64281393327976,41.00663280805707,30.692247998537702,2.0984900897313126
ADV calibrated,10.4,10.240698509453777,2.84691418562815,93.39266466312309,0.4669633233156154,0.4384941814593339,0.3373032165071799,87.69883629186678,3.699350113647375,61.64281393327976,41.00663280805707,30.990230988814695,2.1568739123858416
ADV calibrated,10.5,10.244462630643831,2.8479606113189853,93.34903321183333,0.46674516605916666,0.4382655599459768,0.3371273538045975,87.65311198919537,3.699350113647375,61.64281393327976,41.00663280805707,31.288213979091793,2.2141456622279017
ADV calibrated,10.6,10.248296648415899,2.8490264682596202,93.22281660098066,0.4661140830049033,0.4376238183223071,0.3366337064017747,87.52476366446143,3.733290825652597,61.64281393327976,41.00663280805707,31.586196969368856,2.2703368130163404
ADV calibrated,10.7,10.251693844621906,2.84997088880489,93.14751400758357,0.4657375700379178,0.4372378611498689,0.3363368162691299,87.44757222997379,3.7811981691869003,61.64281393327976,41.93108663660187,31.884179959645902,2.3295739070672807
ADV calibrated,10.8,10.255079253219956,2.850912032395148,93.02559957011138,0.4651279978505569,0.43661887752660544,0.33586067502046574,87.3237755053211,3.8159952309615934,61.64281393327976,41.93108663660187,32.18216294992289,2.3884097293722872
ADV calibrated,10.9,10.258390826749192,2.851832649836276,92.9242436813863,0.4646212184069315,0.4361028919085687,0.3354637630065913,87.22057838171374,3.8327829883779865,63.32158967491909,41.93108663660187,32.48014594020007,2.446165995304732
ADV calibrated,11,10.261189077944085,2.852610563668456,92.84860573255703,0.46424302866278516,0.4357169230261006,0.33516686386623123,87.14338460522012,3.845218894237843,63.32158967491909,41.93108663660187,32.77812893047711,2.5028721473111344
ADV calibrated,11.1,10.264058606582774,2.8534082926300113,92.70429781192588,0.4635214890596294,0.4349874061333293,0.3346056970256379,86.99748122666587,3.9133219780401407,63.32158967491909,41.93108663660187,33.07611192075414,2.558556566848952
ADV calibrated,11.2,10.266774562091927,2.854163328261556,92.62209922048017,0.46311049610240085,0.4345688628197853,0.33428374063060406,86.91377256395705,3.94898748357701,63.32158967491909,42.80071920938934,33.37409491103121,2.6150533238471465
ADV calibrated,11.3,10.269243984807618,2.854849827776518,92.55129789857595,0.4627564894928798,0.4342079912151146,0.3340061470885497,86.84159824302291,3.959052791524044,63.32158967491909,42.80071920938934,33.67207790130822,2.67312428901608
ADV calibrated,11.4,10.271786636056275,2.8555566848236444,92.47857590160761,0.4623928795080381,0.43383731265980163,0.3337210097383089,86.76746253196032,3.9706935085500383,63.32158967491909,42.80071920938934,33.97006089158554,2.7301764653224003
ADV calibrated,11.5,10.274399982013707,2.856283194999811,92.36153900066434,0.4618076950033217,0.4332448630533236,0.3332652792717874,86.64897261066471,4.020571973112451,63.32158967491909,42.80071920938934,34.26804388186237,2.7862364298668854
ADV calibrated,11.6,10.277081584919996,2.857028680607759,92.28656292860039,0.46143281464300195,0.43286252783692436,0.3329711752591726,86.57250556738487,4.042234710745165,63.32158967491909,42.80071920938934,34.5660268721394,2.8413298432985337
ADV calibrated,11.7,10.279829098780043,2.857792489460852,92.24530847248039,0.46122654236240196,0.43264861746779343,0.33280662882137957,86.52972349355869,4.055348463953801,63.32158967491909,42.80071920938934,34.86400986241666,2.895481488979194
ADV calibrated,11.8,10.28245390918924,2.858522186754609,92.176991645127,0.460884958225635,0.43229973635808894,0.3325382587369915,86.45994727161779,4.078621729422569,63.32158967491909,43.615911158862616,35.16199285269355,2.950230069855418
ADV calibrated,11.9,10.284390986804988,2.859060694331787,92.03093739820572,0.4601546869910286,0.43156408004771074,0.3319723692674698,86.31281600954215,4.128532933789001,64.8370847495247,43.615911158862616,35.459975842970806,3.0065261282571325
ADV calibrated,12,10.286239892492683,2.859574690112966,91.8838346668335,0.4594191733341675,0.43082342643303784,0.3314026357177214,86.16468528660756,4.175087818174137,64.8370847495247,43.615911158862616,35.75795883324778,3.061883919018824
ADV calibrated,12.1,10.288157162284678,2.860107691115141,91.81032322307526,0.4590516161153763,0.43045053920422494,0.33111579938786534,86.090107840845,4.196210267425919,64.8370847495247,43.615911158862616,36.05594182352476,3.1163267049745422
ADV calibrated,12.2,10.290140616296798,2.86065909133051,91.76952690560438,0.4588476345280219,0.4302410436147168,0.3309546489343975,86.04820872294337,4.211020305089006,64.8370847495247,43.615911158862616,36.35392481380187,3.1698769862424467
ADV calibrated,12.3,10.292188152091931,2.861228306281557,91.72939394288908,0.45864696971444535,0.4300346866516298,0.330795912808946,86.00693733032597,4.225874870774834,64.8370847495247,43.615911158862616,36.65190780407898,3.22255653122958
ADV calibrated,12.4,10.294297741418516,2.861814772114348,91.65055886413347,0.45825279432066734,0.4296346465995239,0.33048818969194144,85.92692931990477,4.247231334335599,64.8370847495247,43.615911158862616,36.94989079435595,3.2743864061362844
ADV calibrated,12.5,10.296175810050585,2.862336875194063,91.55255886958753,0.45776279434793765,0.42913942559599705,0.33010725045845923,85.82788511919941,4.289276749466943,64.8370847495247,44.37704661495592,37.24787378463316,3.3277573562121554
ADV calibrated,12.6,10.297965774351837,2.862834485269811,91.45141979723297,0.45725709898616484,0.42862875413346674,0.32971442625651287,85.72575082669334,4.329322172954281,64.8370847495247,44.37704661495592,37.545856774910085,3.3815080392238817
ADV calibrated,12.7,10.299819018800813,2.863349687226626,91.38438867702281,0.45692194338511405,0.4282884465128478,0.32945265116372907,85.65768930256957,4.347217252182906,64.8370847495247,44.37704661495592,37.84383976518718,3.434412254786586
ADV calibrated,12.8,10.301733620717194,2.86388194655938,91.31041595117222,0.4565520797558611,0.42791326029026727,0.32916404637712865,85.58265205805345,4.366014102257916,64.8370847495247,44.37704661495592,38.14182275546417,3.4864898419811303
ADV calibrated,12.9,10.303707722546871,2.8644307468680306,91.24442967250134,0.4562221483625067,0.4275778408938264,0.32890603145678954,85.51556817876528,4.391614652786923,64.8370847495247,44.37704661495592,38.439805745741026,3.537760024723048
ADV calibrated,13,10.305503369648136,2.864929936762182,91.10828398050359,0.45554141990251795,0.4268921205348961,0.32837855425761237,85.37842410697922,4.445416276384576,66.1918176906906,44.37704661495592,38.737788736018274,3.5882414354227934
ADV calibrated,13.1,10.307096934682992,2.865372947841872,91.0403922913386,0.455201961456693,0.4265482319782743,0.3281140245986725,85.30964639565485,4.4599186206385975,66.1918176906906,44.37704661495592,39.03577172629545,3.6379521375622295
ADV calibrated,13.2,10.30869867471754,2.8658182315714766,90.97970336492656,0.45489851682463284,0.4262403345089181,0.32787718039147545,85.24806690178362,4.494100179951917,66.1918176906906,45.08451785383434,39.33375471657254,3.6873032933839247
ADV calibrated,13.3,10.310007626222175,2.866182120089765,90.91252315249278,0.45456261576246393,0.42590079456156626,0.3276159958165894,85.18015891231326,4.514105523658071,66.1918176906906,45.08451785383434,39.63173770684955,3.738744802914777
ADV calibrated,13.4,10.31137584811426,2.8665624857757646,90.83812379977803,0.4541906189988902,0.42552499414113254,0.32732691857010193,85.10499882822651,4.538932144582945,66.1918176906906,45.08451785383434,39.92972069712668,3.7894185287212765
ADV calibrated,13.5,10.31280166423312,2.8669588626568077,90.77468759529607,0.4538734379764804,0.4252038493499123,0.32707988411531713,85.04076986998246,4.557273569562546,66.1918176906906,45.08451785383434,40.22770368740371,3.8393415326639735
ADV calibrated,13.6,10.31428345198482,2.8673707996517805,90.70654900802411,0.45353274504012053,0.4248590370436027,0.3268146438796944,84.97180740872055,4.585875185972826,66.1918176906906,45.08451785383434,40.52568667768087,3.888530374783983
ADV calibrated,13.7,10.315819640304953,2.867797860004777,90.66962243477332,0.45334811217386656,0.4246701335738188,0.3266693335183221,84.93402671476376,4.599784279235229,66.1918176906906,45.08451785383434,40.82366966795784,3.937001131617586
ADV calibrated,13.8,10.317408707713671,2.8682396207444008,90.58212070511618,0.45291060352558093,0.42422820731813693,0.3263293902447207,84.84564146362739,4.633392243740522,66.1918176906906,45.08451785383434,41.12165265823498,3.9847694137144596
ADV calibrated,13.9,10.318566126142143,2.868561383067516,90.4628871033082,0.45231443551654105,0.4236288216858659,0.32586832437374297,84.72576433717319,4.689542143759276,66.1918176906906,45.08451785383434,41.41963564851191,4.035776796453348
ADV calibrated,14,10.319064823362577,2.8687000208947966,90.29862927895664,0.4514931463947832,0.42280614618583523,0.3252354970660271,84.56122923716704,4.737633255325505,66.1918176906906,47.986655025054574,41.717618638789055,4.0918721152237225
ADV calibrated,14.1,10.319629018840134,2.8688568672375574,90.22678688607799,0.45113393443038996,0.4224453657580144,0.32495797366001106,84.48907315160288,4.75936718938486,66.1918176906906,47.986655025054574,42.015601629066154,4.147171755713626
ADV calibrated,14.2,10.320257014496343,2.8690314500299836,90.1852512174796,0.450926256087398,0.42223594158709815,0.32479687814392166,84.44718831741963,4.7728185262028795,66.1918176906906,47.986655025054574,42.31358461934319,4.201692528027657
ADV calibrated,14.3,10.320947163303998,2.8692233113985117,90.09973093786151,0.45049865468930755,0.42180642157532244,0.3244664781348634,84.3612843150645,4.810304565844851,66.1918176906906,47.986655025054574,42.61156760962037,4.255450772057553
ADV calibrated,14.4,10.321364383822687,2.869339298702707,89.96653610859039,0.44983268054295195,0.4211392875559249,0.3239532981199422,84.22785751118498,4.845676174887664,67.38827092780025,47.986655025054574,42.90955059989725,4.308462373809277
ADV calibrated,14.5,10.3207766400082,2.8691759059222797,89.9204962825905,0.4496024814129525,0.4209107223537297,0.3237774787336382,84.18214447074594,4.858898543232288,67.38827092780025,47.986655025054574,43.207533590174435,4.368895417393522
ADV calibrated,14.6,10.32014374440737,2.868999960945249,89.8420658302465,0.4492103291512325,0.42052032954178,0.3234771765706,84.10406590835599,4.9086461860230655,67.38827092780025,47.986655025054574,43.505516580451356,4.429460231375524
ADV calibrated,14.7,10.319583603089733,2.868844241658946,89.79655337534041,0.448982766876702,0.42029432446011256,0.3233033265077789,84.05886489202251,4.912099915394872,67.38827092780025,47.986655025054574,43.80349957072855,4.489201034282945
ADV calibrated,14.8,10.31909447477562,2.8687082639876227,89.5658390401183,0.4478291952005915,0.41914211256071526,0.32241700966208864,83.82842251214305,4.9909484031656115,67.38827092780025,50.70433600258165,44.10148256100557,4.548134529042966
ADV calibrated,14.9,10.318674667822593,2.868591557654681,89.52154426834348,0.4476077213417174,0.4189218057651706,0.32224754289628504,83.78436115303411,5.005234621411589,67.38827092780025,50.70433600258165,44.399465551282496,4.606276970182057
ADV calibrated,15,10.31832253852016,2.8684936657086046,89.45727384588355,0.4472863692294177,0.4186014325723317,0.3220011019787167,83.72028651446634,5.02718033841745,67.38827092780025,50.70433600258165,44.697448541559545,4.663644178772613
Burr notional,0.1,3.599130014335776,1.0005581439853457,102.29587371772215,0.5114793685886108,0.5014737871487573,0.3857490670375056,100.29475742975147,1,0,0,0.4938615360977579,0
Burr notional,0.2,4.486509833877305,1.247249733817891,102.27665408819708,0.5113832704409854,0.4989107731028065,0.38377751777138963,99.7821546205613,1.0042857142857142,0.4285714285714286,0,0.8901858757475992,0
Burr notional,0.3,5.061015251125939,1.406962239813011,102.23287001337735,0.5111643500668868,0.4970947276687567,0.3823805597451974,99.41894553375134,1.0142857142857142,1.2857142857142856,0.14285714285714285,1.2564877805757266,0
Burr notional,0.4,5.499640633088189,1.5289000959985168,102.18534081346793,0.5109267040673396,0.4956377031073545,0.3812597716210419,99.1275406214709,1.0257142857142858,2.142857142857143,0.2857142857142857,1.6045608646543017,0
Burr notional,0.5,5.841747376436343,1.6240057706493036,102.12772575292092,0.5106386287646046,0.4943985710581116,0.3803065931216243,98.87971421162231,1.04,3.2857142857142856,0.5714285714285714,1.9396782972906794,0
Burr notional,0.6,6.117937000642464,1.7007864861786053,102.05418357820466,0.5102709178910233,0.49326305302923723,0.3794331177147979,98.65261060584744,1.0585714285714285,4.428571428571428,1,2.264820387017459,0
Burr notional,0.7,6.36114235001459,1.7683975733040562,101.98808665797384,0.5099404332898692,0.49225645755682856,0.3786588135052527,98.45129151136571,1.0757142857142856,5.571428571428571,1.2857142857142856,2.581894764702829,0
Burr notional,0.8,6.569290426789609,1.8262627386475114,101.91705939065758,0.5095852969532879,0.4913226695668128,0.3779405150513945,98.26453391336256,1.0942857142857143,6.714285714285714,1.7142857142857144,2.8922224431138446,0
Burr notional,0.9,6.749220554410794,1.876283314126201,101.841199315804,0.50920599657902,0.49044316343775796,0.3772639718751984,98.0886326875516,1.1142857142857143,7.857142857142857,2.142857142857143,3.196769594997585,0
Burr notional,1,6.914369776326958,1.9221947978188945,101.76665428254654,0.5088332714127327,0.4896113234345438,0.37662409494964905,97.92226468690876,1.1342857142857143,8.857142857142856,2.7142857142857144,3.4962719254988244,0
Burr notional,1.1,7.059271611397203,1.9624775079684227,101.68786741994617,0.5084393370997309,0.48881456202004664,0.376011201553882,97.76291240400933,1.1557142857142857,10,3.1428571428571432,3.791307284228773,0
Burr notional,1.2,7.193069493184288,1.999673319105232,101.6094109246582,0.508047054623291,0.4880503214322387,0.37542332417864516,97.61006428644774,1.177142857142857,11,3.571428571428571,4.082340843059846,0
Burr notional,1.3,7.3160438368176735,2.033860186635313,101.53648497506316,0.5076824248753158,0.4873438230089627,0.3748798638530482,97.46876460179253,1.197142857142857,12,4.142857142857142,4.3697546416645245,0
Burr notional,1.4,7.426847100317272,2.064663493888202,101.45908608627587,0.5072954304313794,0.48664879549249734,0.37434522730192105,97.32975909849947,1.2185714285714286,13,4.571428571428571,4.653867702201808,0
Burr notional,1.5,7.520613890272791,2.090730661495836,101.37093963014985,0.5068546981507492,0.48594739153579086,0.3738056857967622,97.18947830715817,1.2428571428571429,14.000000000000002,5.142857142857142,4.934950184723923,0
Burr notional,1.6,7.626351035324749,2.1201255878202803,101.3052573633179,0.5065262868165895,0.4853250309383867,0.3733269468756821,97.06500618767734,1.2614285714285713,14.857142857142858,5.571428571428571,5.213233629659558,0
Burr notional,1.7,7.718322251571418,2.145693585936854,101.2293154199103,0.5061465770995515,0.48468964124018293,0.3728381855693715,96.93792824803658,1.282857142857143,15.714285714285714,6.142857142857143,5.488918546571206,0
Burr notional,1.8,7.805880091254826,2.170034665368842,101.15413222190783,0.5057706611095392,0.48407031445585075,0.3723617803506544,96.81406289117015,1.3042857142857143,16.57142857142857,6.571428571428571,5.762180152703622,0
Burr notional,1.9,7.88147645756638,2.1910504552034538,101.0735242830346,0.505367621415173,0.48345711686313847,0.3718900898947219,96.6914233726277,1.3271428571428572,17.42857142857143,7.142857142857142,6.033172790306832,0
Burr notional,2,7.954909828825001,2.2114649324133504,100.99410394803117,0.5049705197401558,0.48285587041602235,0.37142759262770947,96.57117408320447,1.35,18.285714285714285,7.571428571428572,6.3020333805381465,0
Burr notional,2.1,8.026280138716274,2.2313058785631243,100.91924581030977,0.5045962290515489,0.48228317026591766,0.37098705405070587,96.45663405318354,1.3714285714285714,19,8.142857142857144,6.568884161773197,0
Burr notional,2.2,8.092417872576393,2.2496921685762374,100.84505720377916,0.5042252860188958,0.48172836433313343,0.3705602802562565,96.34567286662669,1.3928571428571428,19.857142857142858,8.571428571428571,6.833834887621977,0
Burr notional,2.3,8.15830640461338,2.26800918048252,100.77592320956671,0.5038796160478336,0.4811995242430084,0.3701534801869295,96.23990484860168,1.4128571428571428,20.57142857142857,9.142857142857142,7.096984610978996,0
Burr notional,2.4,8.214367633620787,2.283594202146579,100.69268693136517,0.5034634346568259,0.4806274926353601,0.3697134558733539,96.12549852707201,1.437142857142857,21.285714285714285,9.571428571428571,7.358423146685548,0
Burr notional,2.5,8.274329537732745,2.3002636114897035,100.62411771857136,0.5031205885928568,0.48011795247795974,0.36932150190612284,96.02359049559195,1.457142857142857,22,10,7.618232281680924,0
Burr notional,2.6,8.327758811720516,2.3151169496583037,100.54614623815425,0.5027307311907713,0.47957956169418825,0.36890735514937556,95.91591233883764,1.48,22.57142857142857,10.571428571428571,7.876486784591949,0
Burr notional,2.7,8.383432783085594,2.3305943136977954,100.48294974348826,0.5024147487174413,0.4791088055804633,0.36854523506189485,95.82176111609266,1.4985714285714287,23.285714285714285,11,8.13325525443511,0
Burr notional,2.8,8.436159021474346,2.3452522079698683,100.41501729786562,0.5020750864893281,0.4786225644096294,0.36817120339202264,95.72451288192589,1.5185714285714285,23.857142857142858,11.428571428571429,8.38860083907796,0
Burr notional,2.9,8.483596831968354,2.3584399192872025,100.34696965348881,0.5017348482674441,0.47815044907457205,0.3678080377496708,95.63008981491441,1.5385714285714285,24.571428571428573,11.857142857142858,8.642581847382814,0
Burr notional,3,8.526305621263875,2.3703129627113575,100.27002163904213,0.5013501081952106,0.47764697856809707,0.36742075274469005,95.52939571361941,1.5614285714285714,25.142857142857146,12.285714285714286,8.895252273887674,0
Burr notional,3.1,8.57167085928329,2.382924498880755,100.20261876449798,0.5010130938224899,0.47718384883368237,0.36706449910283256,95.43676976673648,1.5814285714285714,25.71428571428571,12.714285714285714,9.14666225101883,0
Burr notional,3.2,8.613377781765461,2.3945190233307985,100.13486518226004,0.5006743259113002,0.47672913567799224,0.3667147197523017,95.34582713559846,1.6014285714285714,26.285714285714285,13.142857142857142,9.396858440858027,0
Burr notional,3.3,8.654342204175625,2.405907132760824,100.06763666181546,0.5003381833090773,0.47627911198146905,0.3663685476780531,95.25582239629381,1.6214285714285714,26.857142857142858,13.571428571428571,9.645884376179152,0
Burr notional,3.4,8.691872,2.416340416,100,0.5,0.47583659584,0.36602815064615385,95.16731916799999,1.6414285714285715,27.42857142857143,14.000000000000002,9.89378075866094,0
Burr notional,3.5,8.737336913931792,2.428979662073038,99.93507075098213,0.4996753537549107,0.4753855571341803,0.36568119779552327,95.07711142683605,1.6614285714285715,27.857142857142858,14.428571428571429,10.140585720753878,0
Burr notional,3.6,8.780733514290603,2.4410439169727876,99.87426552553103,0.4993713276276551,0.4749608884579273,0.36535452958302095,94.99217769158545,1.68,28.42857142857143,14.857142857142858,10.386335056542167,0
Burr notional,3.7,8.818874351653502,2.451647069759674,99.80449914899283,0.49902249574496416,0.47450602504736744,0.3650046346518211,94.90120500947349,1.7014285714285715,28.999999999999996,15.142857142857144,10.631062426030544,0
Burr notional,3.8,8.85904256572975,2.462813833272871,99.7396249258695,0.49869812462934754,0.47406998629661884,0.36466922022816833,94.81399725932377,1.7214285714285715,29.428571428571427,15.571428571428573,10.87479953655021,0
Burr notional,3.9,8.894888489880124,2.4727790001866747,99.67420189596001,0.49837100947980006,0.4736432194779333,0.36434093805994866,94.72864389558666,1.7414285714285713,30,16,11.117576304380801,0
Burr notional,4,8.932175889826784,2.483144897371846,99.60957108632365,0.4980478554316183,0.4732164064578998,0.3640126203522306,94.64328129157997,1.7614285714285713,30.428571428571427,16.428571428571427,11.359420999197797,0
Burr notional,4.1,8.97185870212631,2.4941767191911146,99.55380005330193,0.4977690002665096,0.47282723307459845,0.3637132562112296,94.5654466149197,1.7785714285714285,30.857142857142854,16.714285714285715,11.600360373553587,0
Burr notional,4.2,9.005674647368057,2.50357755196832,99.48914167054362,0.49744570835271806,0.47240993283303484,0.3633922560254114,94.48198656660696,1.7985714285714285,31.285714285714285,17.142857142857142,11.840419779270105,0
Burr notional,4.3,9.042851430266163,2.5139126976139936,99.43356964247785,0.49716784821238924,0.4720287212362493,0.36309901633557634,94.40574424724986,1.8157142857142856,31.71428571428571,17.42857142857143,12.079623272345744,0
Burr notional,4.4,9.072419560676334,2.522132637868021,99.36474263684215,0.49682371318421076,0.47160238680553057,0.36277106677348503,94.32047736110611,1.8371428571428572,32.142857142857146,17.857142857142858,12.317993707750679,0
Burr notional,4.5,9.107651273197883,2.5319270539490115,99.30961944822594,0.49654809724112975,0.4712288267016396,0.3624837128474151,94.24576534032792,1.8542857142857143,32.57142857142858,18.142857142857142,12.555552825292576,0
Burr notional,4.6,9.138005926286958,2.5403656475077745,99.24951396391208,0.4962475698195604,0.47084391334448267,0.36218762564960205,94.16878266889654,1.8728571428571428,33,18.571428571428573,12.79232132757352,0
Burr notional,4.7,9.172541698195454,2.5499665920983365,99.19875467165733,0.49599377335828665,0.4704941074373033,0.361918544182541,94.09882148746065,1.8885714285714286,33.42857142857143,18.857142857142858,13.028318950922667,0
Burr notional,4.8,9.198530391000487,2.5571914486981355,99.1307495614421,0.4956537478072105,0.4700818333202291,0.3616014102463301,94.01636666404582,1.91,33.85714285714286,19.28571428571429,13.263564530073182,0
Burr notional,4.9,9.230837899385483,2.5661729360291643,99.08003885272046,0.4954001942636023,0.46973846490331067,0.3613372806948543,93.94769298066214,1.9257142857142857,34.285714285714285,19.57142857142857,13.4980760572541,0
Burr notional,5,9.26266358101712,2.5750204755227597,99.02575123448986,0.4951287561724493,0.4693785514172217,0.3610604241670936,93.87571028344433,1.9428571428571428,34.57142857142857,19.857142857142858,13.731870736283398,0
Burr notional,5.1,9.292884502334145,2.5834218916488925,98.97504052576824,0.49487520262884116,0.46904098371235226,0.3608007567018094,93.80819674247046,1.9585714285714286,35,20.142857142857142,13.964965032176579,0
Burr notional,5.2,9.314314018525273,2.589379297150026,98.90706656963937,0.49453533284819684,0.4686415398766966,0.36049349221284355,93.72830797533932,1.98,35.42857142857142,20.57142857142857,14.197374716723173,0
Burr notional,5.3,9.343183672302677,2.5974050609001447,98.85273471306596,0.4942636735653298,0.46828962295632837,0.36022278688948334,93.65792459126567,1.997142857142857,35.714285714285715,20.857142857142858,14.429114910429854,0
Burr notional,5.4,9.36723620382579,2.60409166466357,98.79361583658634,0.49396807918293173,0.467927162536296,0.35994397118176613,93.5854325072592,2.0157142857142856,36.142857142857146,21.142857142857142,14.660200121183209,0
Burr notional,5.5,9.400276675254531,2.61327691572076,98.7525470553703,0.4937627352768515,0.4676299661196439,0.35971535855357223,93.52599322392878,2.0285714285714285,36.42857142857142,21.428571428571427,14.89064427994436,0
Burr notional,5.6,9.422110700401333,2.619346774711571,98.68988031748509,0.49344940158742545,0.4672559338403097,0.35942764141562283,93.45118676806194,2.0485714285714285,36.857142857142854,21.714285714285715,15.120460773753228,0
Burr notional,5.7,9.447324729543402,2.626356274813066,98.63586253011734,0.4931793126505867,0.466915749902456,0.35916596146342766,93.3831499804912,2.065714285714286,37.142857142857146,22.142857142857142,15.349662476289597,0
Burr notional,5.8,9.472769212732974,2.633429841139767,98.58198105314972,0.49290990526574857,0.4665756068543509,0.3589043129648853,93.31512137087017,2.0828571428571427,37.42857142857143,22.428571428571427,15.578261776211455,0
Burr notional,5.9,9.498204168181307,2.6405007587544036,98.52861594100204,0.4926430797050102,0.46623807211746615,0.35864467085958934,93.24761442349323,2.1,37.714285714285715,22.714285714285715,15.806270603467818,0
Burr notional,6,9.523135114680716,2.6474315618812394,98.48266821382504,0.49241334106912515,0.46593902545031274,0.358414634961779,93.18780509006255,2.1142857142857143,38.142857142857146,23,16.03370045376262,0
Burr notional,6.1,9.544947191050978,2.653495319112172,98.42491664649731,0.49212458323248653,0.46558963004136483,0.35814586926258835,93.11792600827296,2.132857142857143,38.42857142857143,23.285714285714285,16.26056241132827,0
Burr notional,6.2,9.571600187659099,2.66090485216923,98.38010053875946,0.4919005026937973,0.46529145417210505,0.35791650320931157,93.05829083442102,2.1471428571428572,38.714285714285715,23.57142857142857,16.486867170151477,0
Burr notional,6.3,9.595584991089549,2.667572627522895,98.33095529798491,0.49165477648992456,0.4649790502146956,0.35767619247284277,92.99581004293913,2.162857142857143,39,23.857142857142858,16.712625053779558,0
Burr notional,6.4,9.613835374853275,2.672646234209211,98.26907729472242,0.4913453864736121,0.46461892413151995,0.3573991724088615,92.92378482630399,2.182857142857143,39.285714285714285,24.142857142857142,16.937846033823572,0
Burr notional,6.5,9.64017755829159,2.679969361205062,98.22858047303704,0.4911429023651852,0.46434320875313456,0.35718708365625734,92.8686417506269,2.1957142857142857,39.57142857142858,24.428571428571427,17.162539747262514,0
Burr notional,6.6,9.658818191485539,2.68515145723298,98.17097333195667,0.4908548666597834,0.4640033520874536,0.35692565545188737,92.80067041749072,2.2142857142857144,39.85714285714286,24.714285714285715,17.38671551264407,0
Burr notional,6.7,9.684695625499034,2.6923453838887315,98.13064160011874,0.4906532080005937,0.46372975416170636,0.3567151955090049,92.74595083234128,2.2271428571428573,40.14285714285714,24.857142857142858,17.61038234526741,0
Burr notional,6.8,9.706503075887072,2.6984078550966064,98.08215443164457,0.4904107721582228,0.46342669360725675,0.3564820720055821,92.68533872145134,2.242857142857143,40.42857142857143,25.142857142857146,17.833548971426595,0
Burr notional,6.9,9.723550588939212,2.703147063725101,98.02480841617776,0.49012404208088883,0.4630925714436378,0.35622505495664447,92.61851428872757,2.2614285714285716,40.714285714285715,25.428571428571427,18.056223841785364,0
Burr notional,7,9.746828255941324,2.709618255151688,97.98426683198416,0.4899213341599208,0.46282515160840393,0.35601934739107993,92.56503032168078,2.2742857142857145,41,25.71428571428571,18.27841514394843,0
Burr notional,7.1,9.764496046412349,2.714529900902633,97.9311566171492,0.489655783085746,0.46251048407671963,0.35577729544363046,92.50209681534393,2.2914285714285714,41.285714285714285,26,18.500130814287907,0
Burr notional,7.2,9.78636170394801,2.7206085536975473,97.88688125299562,0.4894344062649781,0.46222832072800263,0.35556024671384817,92.44566414560053,2.3057142857142856,41.57142857142857,26.142857142857146,18.721378549079432,0
Burr notional,7.3,9.80458795882041,2.725675452552074,97.83799713783459,0.48918998568917293,0.4619332311636522,0.3553332547412709,92.38664623273044,2.3214285714285716,41.85714285714286,26.42857142857143,18.942165814996514,0
Burr notional,7.4,9.822164240372077,2.7305616588234374,97.78894213915753,0.48894471069578765,0.46163909410755327,0.35510699546734864,92.32781882151066,2.337142857142857,42.142857142857146,26.71428571428571,19.162499859009277,0
Burr notional,7.5,9.843614963824347,2.7365249599431687,97.74512058444917,0.4887256029222458,0.4613603533228141,0.35489257947908776,92.27207066456282,2.3514285714285714,42.285714285714285,27,19.382387717728314,0
Burr notional,7.6,9.86478715674115,2.7424108295740397,97.70500449863547,0.48852502249317736,0.461100914197437,0.35469301092110533,92.22018283948739,2.3642857142857143,42.57142857142857,27.142857142857142,19.60183622623185,0
Burr notional,7.7,9.883109043425442,2.7475043140722732,97.66046776794859,0.48830233883974294,0.4608272956990202,0.35448253515309247,92.16545913980404,2.3785714285714286,42.857142857142854,27.42857142857143,19.820852026411544,0
Burr notional,7.8,9.901783499865811,2.7526958129626955,97.61283851044585,0.48806419255222927,0.4605372344226023,0.3542594110943095,92.10744688452046,2.394285714285714,43.142857142857146,27.714285714285715,20.039441574868814,0
Burr notional,7.9,9.923384980005267,2.7587010244414643,97.56954949362039,0.48784774746810194,0.4602607372236873,0.3540467209412979,92.05214744473747,2.4085714285714284,43.28571428571429,27.857142857142858,20.257611150391174,0
Burr notional,8,9.942395394777092,2.763985919748032,97.52578624097396,0.4876289312048698,0.4599890720073895,0.35383774769799187,91.9978144014779,2.422857142857143,43.57142857142857,28.142857142857142,20.475366861036388,0
Burr notional,8.1,9.958916368845141,2.7685787505389494,97.47767862448256,0.48738839312241283,0.45970260561702336,0.3536173889361718,91.94052112340468,2.4385714285714286,43.857142857142854,28.42857142857143,20.692714650849343,0
Burr notional,8.2,9.981515198616474,2.77486122521538,97.43895593183056,0.4871947796591528,0.459446167406999,0.3534201287746146,91.8892334813998,2.4514285714285715,44,28.57142857142857,20.909660306235033,0
Burr notional,8.3,9.995297810301428,2.7786927912637975,97.38635549282853,0.4869317774641426,0.45914484955150464,0.3531883458088497,91.82896991030093,2.4685714285714284,44.285714285714285,28.857142857142858,21.126209462009285,0
Burr notional,8.4,10.018766061152796,2.7852169650004774,97.35190366235867,0.4867595183117933,0.45890734866178856,0.35300565281676044,91.7814697323577,2.48,44.42857142857143,28.999999999999996,21.342367607147217,0
Burr notional,8.5,10.034493909235705,2.7895893067675264,97.30427440485593,0.48652137202427964,0.4586254789566044,0.35278882996661876,91.72509579132088,2.4957142857142856,44.714285714285715,29.28571428571429,21.558140090247882,0
Burr notional,8.6,10.052577950529084,2.794616670247086,97.26460259952904,0.4863230129976452,0.45837684629517433,0.352597574073211,91.67536925903487,2.5085714285714285,45,29.428571428571427,21.773532124732302,0
Burr notional,8.7,10.072543838195106,2.8001671870182396,97.22558096275094,0.4861279048137547,0.4581262329435723,0.35240479457197865,91.62524658871446,2.5214285714285714,45.14285714285714,29.714285714285715,21.988548793790947,0
Burr notional,8.8,10.085519769662657,2.803774495966219,97.17368432520084,0.4858684216260042,0.457830676666342,0.3521774435894938,91.56613533326839,2.5385714285714287,45.42857142857143,29.85714285714286,22.203195055095197,0
Burr notional,8.9,10.107413357237254,2.8098609133119568,97.14261339729782,0.4857130669864891,0.4576144578533695,0.35201112142566887,91.5228915706739,2.5485714285714285,45.57142857142858,30.142857142857142,22.41747574528702,0
Burr notional,9,10.123740413056131,2.814399834829605,97.0996775639937,0.48549838781996846,0.4573543894716724,0.35181106882436336,91.47087789433448,2.5628571428571427,45.857142857142854,30.28571428571429,22.6313955842593,0
Burr notional,9.1,10.140340617245274,2.8190146915941865,97.05647692314007,0.48528238461570034,0.4570922376997585,0.3516094136151988,91.4184475399517,2.577142857142857,46,30.571428571428573,22.84495917923895,0
Burr notional,9.2,10.160882929242185,2.8247254543293274,97.02202509267018,0.48511012546335086,0.45686287092005756,0.3514329776308135,91.37257418401151,2.5885714285714285,46.14285714285714,30.714285714285715,23.058171028684065,0
Burr notional,9.3,10.173473339053004,2.8282255882567355,96.97419868695114,0.4848709934347557,0.4565887375521884,0.3512221058093757,91.31774751043767,2.604285714285714,46.42857142857143,31,23.2710355260052,0
Burr notional,9.4,10.193502591193687,2.8337937203518453,96.93987900388369,0.48469939501941844,0.4563614578159,0.351047275243,91.27229156317999,2.6157142857142857,46.57142857142857,31.142857142857146,23.483556963121018,0
Burr notional,9.5,10.207330353359424,2.83763783823392,96.8964648115909,0.4844823240579545,0.4561059456756153,0.350850727442781,91.22118913512305,2.63,46.85714285714286,31.285714285714285,23.69573953385665,0
Burr notional,9.6,10.224505204983835,2.8424124469855063,96.85774068198464,0.4842887034099232,0.45586457894006815,0.35066506072312936,91.17291578801363,2.642857142857143,47,31.571428571428573,23.907587337194116,0
Burr notional,9.7,10.243592457763677,2.8477187032583027,96.82342099891719,0.48411710499458593,0.4556399179620029,0.3504922445861561,91.12798359240058,2.6542857142857144,47.14285714285714,31.71428571428571,24.119104380382108,0
Burr notional,9.8,10.258906476049889,2.8519760003418693,96.78470201703423,0.48392351008517115,0.45540375008175243,0.3503105769859634,91.08075001635049,2.6671428571428573,47.42857142857143,31.857142857142858,24.330294581912828,0
Burr notional,9.9,10.272952650075757,2.855880836721061,96.74145961943782,0.4837072980971891,0.4551484897299785,0.35011422286921423,91.02969794599571,2.6814285714285715,47.57142857142857,32.142857142857146,24.541161774372966,0
Burr notional,10,10.292391121027375,2.8612847316456107,96.71104769796945,0.4835552384898472,0.4549423911733911,0.3499556855179931,90.98847823467821,2.6914285714285713,47.714285714285715,32.285714285714285,24.75170970717505,0
Burr notional,10.1,10.309446912043054,2.8660262415479694,96.67316872186777,0.4833658436093388,0.4547055811938591,0.3497735239952762,90.94111623877183,2.704285714285714,47.85714285714286,32.42857142857143,24.961942049175743,0
Burr notional,10.2,10.320658654366664,2.869143105913933,96.62918431328825,0.48314592156644126,0.4544544905073019,0.34958037731330915,90.89089810146038,2.7185714285714284,48.142857142857146,32.714285714285715,25.171862391186416,0
Burr notional,10.3,10.334933931007903,2.8731116328201973,96.58678706919638,0.4829339353459819,0.4542028190177799,0.3493867838598307,90.84056380355598,2.7328571428571427,48.285714285714285,32.857142857142854,25.38147424838196,0
Burr notional,10.4,10.352406710701471,2.877969065575009,96.55281585469379,0.4827640792734689,0.45398438861771884,0.3492187604751683,90.79687772354377,2.744285714285714,48.42857142857142,33,25.590781062612137,0
Burr notional,10.5,10.369783568977047,2.8827998321756194,96.52201842624584,0.4826100921312292,0.453782093809473,0.34906314908421,90.7564187618946,2.7542857142857144,48.57142857142857,33.285714285714285,25.799786204621157,0
Burr notional,10.6,10.381684813424423,2.88610837813199,96.47935609239677,0.48239678046198387,0.45353569668066396,0.34887361283127993,90.7071393361328,2.7685714285714287,48.857142857142854,33.42857142857143,26.008492976179465,0
Burr notional,10.7,10.398232933109854,2.89070875540454,96.44517776138197,0.48222588880690986,0.45331880125286445,0.3487067701945111,90.66376025057289,2.78,49,33.57142857142857,26.216904612132062,0
Burr notional,10.8,10.415899069841085,2.895619941415822,96.41507255173566,0.4820753627586783,0.45311916334452007,0.3485532025727077,90.62383266890402,2.79,49.142857142857146,33.714285714285715,26.42502428236745,0
Burr notional,10.9,10.42750895601273,2.8988474897715393,96.37193260533515,0.4818596630266757,0.4528711881289603,0.34836245240689256,90.57423762579207,2.8042857142857143,49.28571428571429,34,26.632855093710994,0
Burr notional,11,10.442341716583206,2.9029709972101316,96.33418008814613,0.48167090044073063,0.45264119046862933,0.34818553112971484,90.52823809372586,2.817142857142857,49.42857142857143,34.14285714285714,26.840400091746336,0
Burr notional,11.1,10.454235667150861,2.9062775154679397,96.29538375915337,0.4814769187957668,0.4524141436410874,0.34801087972391337,90.48282872821748,2.83,49.714285714285715,34.285714285714285,27.047662262567872,0
Burr notional,11.2,10.473803130142837,2.911717270179709,96.27345386279855,0.48136726931399276,0.4522500966121957,0.34788468970168895,90.45001932243913,2.837142857142857,49.857142857142854,34.42857142857143,27.25464453446801,0
Burr notional,11.3,10.48792963919479,2.9156444396961523,96.23570134560953,0.48117850672804763,0.4520220623310861,0.3477092787162201,90.40441246621722,2.85,50,34.57142857142857,27.461349779561857,0
Burr notional,11.4,10.501685132595599,2.9194684668615767,96.20081921314281,0.48100409606571404,0.4518094113970983,0.34754570107469096,90.36188227941966,2.861428571428571,50.142857142857146,34.85714285714286,27.667780815352216,0
Burr notional,11.5,10.515359702773926,2.923269997371152,96.16306669595377,0.48081533347976885,0.4515826335060573,0.347371256543121,90.31652670121146,2.874285714285714,50.28571428571429,35,27.87394040623767,0
Burr notional,11.6,10.530057781732424,2.9273560633216142,96.12922194036383,0.48064610970181915,0.451372549068603,0.3472096531296946,90.2745098137206,2.8857142857142857,50.42857142857143,35.14285714285714,28.07983126496636,0
Burr notional,11.7,10.544701757645424,2.931427088625428,96.0984760502339,0.48049238025116947,0.4511781093649152,0.34706008412685785,90.23562187298305,2.895714285714286,50.57142857142857,35.285714285714285,28.285456054037788,0
Burr notional,11.8,10.557725334332718,2.935047642944496,96.06072353304485,0.4803036176652242,0.4509531412357793,0.3468870317198302,90.19062824715586,2.9085714285714284,50.71428571428571,35.42857142857142,28.49081738705465,0
Burr notional,11.9,10.571641694751262,2.938916391140851,96.02667166094271,0.48013335830471354,0.45074419439330504,0.3467263033794654,90.14883887866101,2.92,50.857142857142854,35.57142857142857,28.69591783002759,0
Burr notional,12,10.586589654299374,2.9430719238952263,95.9965664512964,0.47998283225648203,0.4505521130175298,0.3465785484750229,90.11042260350595,2.93,51,35.714285714285715,28.900759902634064,0
Burr notional,12.1,10.598993200938763,2.9465201098609763,95.95881393410737,0.47979406967053684,0.45032886857192705,0.3464068219784054,90.06577371438541,2.942857142857143,51.142857142857146,35.85714285714286,29.105346079434025,0
Burr notional,12.2,10.61281777256062,2.9503633407718524,95.92840646984526,0.4796420323492263,0.4501383989415078,0.3462603068780829,90.02767978830157,2.952857142857143,51.28571428571429,36.142857142857146,29.30967879104374,0
Burr notional,12.3,10.623362556144508,2.9532947906081737,95.89351790245156,0.4794675895122578,0.4499346416061761,0.34610357046628926,89.98692832123521,2.9642857142857144,51.57142857142857,36.285714285714285,29.51376042526978,0
Burr notional,12.4,10.63627216666277,2.9568836623322503,95.85946603034941,0.479297330151747,0.44972849352842453,0.345944995021865,89.9456987056849,2.9757142857142855,51.714285714285715,36.42857142857142,29.71759332820465,0
Burr notional,12.5,10.64873467949545,2.960348240899735,95.82212104132456,0.4791106052066228,0.44950712279762545,0.34577470984432723,89.90142455952508,2.9885714285714284,51.857142857142854,36.57142857142857,29.92117980528597,0
Burr notional,12.6,10.66210986480444,2.964066542415635,95.78851559824336,0.4789425779912168,0.4493019125670605,0.34561685582081575,89.86038251341209,3,52,36.714285714285715,30.124522122320357,0
Burr notional,12.7,10.681450256421153,2.969443171285081,95.76739083695183,0.4788369541847592,0.4491425224719084,0.34549424805531415,89.82850449438168,3.007142857142857,52,36.857142857142854,30.327622506473723,0
Burr notional,12.8,10.694458650587956,2.973059504863452,95.7337853938706,0.47866892696935304,0.4489383319207185,0.3453371784005527,89.7876663841437,3.0185714285714287,52.142857142857146,37,30.530483147229013,0
Burr notional,12.9,10.707173707868556,2.976594290787459,95.70002000001908,0.4785001000000954,0.4487341570922208,0.34518012084016986,89.74683141844416,3.03,52.28571428571429,37.142857142857146,30.73310619731318,0
Burr notional,13,10.721406565290376,2.980551025150725,95.6707122827228,0.478353561413614,0.4485480511621068,0.3450369624323898,89.70961023242135,3.04,52.42857142857142,37.285714285714285,30.935493773594196,0
Burr notional,13.1,10.734870354381995,2.9842939585181947,95.64068643481491,0.47820343217407457,0.4483604925888926,0.34489268660684047,89.67209851777852,3.05,52.57142857142857,37.42857142857143,31.13764795794946,0
Burr notional,13.2,10.747298200598781,2.987748899766461,95.60729095900359,0.47803645479501794,0.4481589657973533,0.34473766599796407,89.63179315947066,3.0614285714285714,52.714285714285715,37.57142857142857,31.339570798106713,0
Burr notional,13.3,10.761324558077401,2.991648227145518,95.57817264994326,0.4778908632497163,0.44797438097826114,0.34459567767558547,89.59487619565223,3.0714285714285716,52.85714285714286,37.714285714285715,31.541264308458633,0
Burr notional,13.4,10.774278778981156,2.9952495005567616,95.54814680203536,0.4777407340101768,0.4477882390046092,0.344452491542007,89.55764780092184,3.0814285714285714,53,37.857142857142854,31.742730470851722,0
Burr notional,13.5,10.78498477579466,2.998225767670916,95.51080181301052,0.4775540090650526,0.44757175138834343,0.34428596260641803,89.51435027766868,3.0942857142857143,53.142857142857146,38,31.94397123535124,0
Burr notional,13.6,10.799173252797319,3.002170164277655,95.48511544250198,0.4774255772125099,0.4474038755697333,0.3441568273613333,89.48077511394666,3.1028571428571428,53.28571428571428,38.142857142857146,32.144988520982245,0
Burr notional,13.7,10.811896483802256,3.0057072224970276,95.45541776101987,0.4772770888050994,0.4472200165801291,0.34401539736933007,89.44400331602583,3.112857142857143,53.42857142857142,38.285714285714285,32.34578421644812,0
Burr notional,13.8,10.823107036774788,3.0088237562233915,95.42165236716833,0.47710826183584165,0.44702002427360776,0.34386155713354444,89.40400485472155,3.124285714285714,53.57142857142857,38.42857142857143,32.546360180827556,0
Burr notional,13.9,10.834275665704528,3.011928635065859,95.38804692408712,0.4769402346204356,0.44682094826977703,0.3437084217459823,89.3641896539554,3.1357142857142857,53.714285714285715,38.57142857142858,32.746718244250204,0
Burr notional,14,10.846655098887318,3.015370117490675,95.3585592098749,0.47679279604937447,0.44663909487446773,0.3435685345188213,89.32781897489355,3.145714285714286,53.85714285714286,38.714285714285715,32.94686020855266,0
Burr notional,14.1,10.862640242949531,3.01981398753997,95.3337066839002,0.476668533419501,0.4464703935441013,0.3434387642646933,89.29407870882025,3.1542857142857144,53.85714285714286,38.857142857142854,33.14678784791443,0
Burr notional,14.2,10.876798456885691,3.0237499710142224,95.30878713972923,0.47654393569864617,0.44630643598850395,0.34331264306807996,89.2612871977008,3.162857142857143,54,39,33.346502909475724,0
Burr notional,14.3,10.888489902318375,3.0270001928445085,95.27892950747679,0.4763946475373839,0.44612464560893883,0.3431728043145683,89.22492912178777,3.172857142857143,54.142857142857146,39.14285714285714,33.54600711393693,0
Burr notional,14.4,10.900128550921638,3.0302357371562154,95.2492735776091,0.47624636788804553,0.44594401051648336,0.34303385424344873,89.18880210329667,3.182857142857143,54.285714285714285,39.285714285714285,33.74530215614061,0
Burr notional,14.5,10.910287792604864,3.0330600063441526,95.21550818375756,0.47607754091878784,0.44574694085534633,0.34288226219642026,89.14938817106926,3.1942857142857144,54.42857142857142,39.42857142857143,33.94438970563706,0
Burr notional,14.6,10.921999463055268,3.036315850729365,95.1862004664613,0.4759310023323065,0.44556784382501285,0.3427444952500099,89.11356876500257,3.204285714285714,54.57142857142857,39.57142857142858,34.14327140723332,0
Burr notional,14.7,10.937997360140793,3.0407632661191406,95.16490748951428,0.47582453744757136,0.44541690478637996,0.34262838829721537,89.08338095727599,3.2114285714285713,54.57142857142857,39.714285714285715,34.3419488815269,0
Burr notional,14.8,10.949092463404993,3.043847704826588,95.13213230679764,0.4756606615339882,0.44522218448572237,0.34247860345055564,89.04443689714448,3.222857142857143,54.714285714285715,39.714285714285715,34.54042372542419,0
Burr notional,14.9,10.96069462165573,3.047073104820293,95.10301399773732,0.4755150699886866,0.4450443389404837,0.3423417991849874,89.00886778809674,3.2328571428571427,54.85714285714286,39.85714285714286,34.73869751264454,0
Burr notional,15,10.97143734365951,3.050059581537344,95.07311748439928,0.47536558742199636,0.4448649916066229,0.3422038396974022,88.97299832132458,3.242857142857143,55.00000000000001,40,34.93677179421024,0
